Name and description, ID, tmh start location, tmh end location, tmh length, full protein sequence, tmh sequence, N flank sequence, C flank sequence, Hydrophobicity of TMH, Hydrophobicity of TMH and flanks, Disorder of TMH, Disorder of TMH and flanks, Entropy of TMH, Entropy of TMH and flanks 
RecName: Full=BET1 homolog; Short=hBET1; AltName: Full=Golgi vesicular membrane-trafficking protein p18;,O15155,95,115,20,MRRAGLGEGVPPGNYGNYGYANSGYSACEEENERLTESLRSKVTAIKSLSIEIGHEVKTQNKLLAEMDSQFDSTTGFLGKTMGKLKILSRGSQTKLLCYMMLFSLFVFFIIYWIIKLR,KLLCYMMLFSLFVFFIIYWII,GSQT,KLR,2.223809523809524,1.3107142857142857,-0.2577000000000001,-0.2010357142857143,3.0589840894454263,3.5355820479705753,
RecName: Full=Protein transport protein BOS1; AltName: Full=Bet one suppressor 1;,P25385,223,240,17,MNALYNHAVKQKNQLQQELARFEKNSVTAPISLQGSISATLVSLEKTVKQYAEHLNRYKEDTNAEEIDPKFANRLATLTQDLHDFTAKFKDLKQSYNENNSRTQLFGSGASHVMDSDNPFSTSETIMNKRNVGGASANGKEGSSNGGGLPLYQGLQKEQSVFERGNAQLDYILEMGQQSFENIVEQNKILSKVQDRMSNGLRTLGVSEQTITSINKRVFKDKLVFWIALILLIIGIYYVLKWLR,LVFWIALILLIIGIYYVL,FKDK,KWLR,2.811111111111111,1.407692307692308,-0.29363833333333333,-0.2439076923076923,2.657742726504889,3.166812680413122,
RecName: Full=Golgi SNAP receptor complex member 1; AltName: Full=Golgi SNARE protein 1; AltName: Full=Protein transport protein GOS1;,P38736,205,222,17,MSSQPSFVTIRGKAISLETQTESLLSKYSTFAQTTSSEQTGQEKKIDKQLEGILGQRQDVIDSLTQICDSNPAISASKLSQLHRHKEILQDHWKSFRNIRSSIQQERNRLNLLFSVKNDIANSTTDAPAPIGDADEYIQNETRRIDQSNNVVDRLISQAWETRSQFHSQSNVLNTANNKVLQTLQRIPGVNQLIMKINTRRKKNAFVLATITTLCILFLFFTW,AFVLATITTLCILFLFFT,RKKN,W,2.383333333333333,1.1391304347826086,-0.22152055555555555,-0.19033173913043477,2.614369445886757,3.2192141299700565,
RecName: Full=Golgi SNAP receptor complex member 1; AltName: Full=28 kDa Golgi SNARE protein; AltName: Full=28 kDa cis-Golgi SNARE p28; Short=GOS-28; Short=GOS28;,Q62931,230,250,20,MAAGTSNYWEDLRKQARQLENELDLKLVSFSKLCTSYSHSSARDGGRDRYSSDTTPLLNGSSQDRMFETMAIEIEQLLARLTGVNDKMAEYTHSAGVPSLNAALMHTLQRHRDILQDYTHEFHKTKANFMAIRERENLMGSVRKDIESYKSGSGVNNRRTELFLKEHDHLRNSDRLIEETISIAMATKENMTSQRGMLKSIHSKMNTLANRFPAVNSLIQRINLRKRRDSLILGGVIGICTILLLLYAFH,SLILGGVIGICTILLLLYAFH,KRRD,,2.1380952380952376,1.14,-0.16010761904761905,-0.143516,3.0463811129458835,3.4332696895151074,
RecName: Full=Golgi SNAP receptor complex member 2; AltName: Full=27 kDa Golgi SNARE protein; AltName: Full=Membrin;,O14653,191,211,20,MDPLFQQTHKQVHEIQSCMGRLETADKQSVHIVENEIQASIDQIFSRLERLEILSSKEPPNKRQNARLRVDQLKYDVQHLQTALRNFQHRRHAREQQERQREELLSRTFTTNDSDTTIPMDESLQFNSSLQKVHNGMDDLILDGHNILDGLRTQRLTLKGTQKKILDIANMLGLSNTVMRLIEKRAFQDKYFMIGGMLLTCVVMFLVVQYLT,YFMIGGMLLTCVVMFLVVQYL,FQDK,T,2.0333333333333337,1.3038461538461539,-0.19952523809523806,-0.1718023076923077,3.1182751607709753,3.4116022179746714,
RecName: Full=Golgin subfamily A member 5; AltName: Full=Cell proliferation-inducing gene 31 protein; AltName: Full=Golgin-84; AltName: Full=Protein Ret-II; AltName: Full=RET-fused gene 5 protein;,Q8TBA6,699,719,20,MSWFVDLAGKAEDLLNRVDQGAATALSRKDNASNIYSKNTDYTELHQQNTDLIYQTGPKSTYISSAADNIRNQKATILAGTANVKVGSRTPVEASHPVENASVPRPSSHFVRRKKSEPDDELLFDFLNSSQKEPTGRVEIRKEKGKTPVFQSSQTSSVSSVNPSVTTIKTIEENSFGSQTHEAASNSDSSHEGQEESSKENVSSNAACPDHTPTPNDDGKSHELSNLRLENQLLRNEVQSLNQEMASLLQRSKETQEELNKARARVEKWNADHSKSDRMTRGLRAQVDDLTEAVAAKDSQLAVLKVRLQEADQLLSTRTEALEALQSEKSRIMQDQSEGNSLQNQALQTFQERLHEADATLKREQESYKQMQSEFAARLNKVEMERQNLAEAITLAERKYSDEKKRVDELQQQVKLYKLNLESSKQELIDYKQKATRILQSKEKLINSLKEGSGFEGLDSSTASSMELEELRHEKEMQREEIQKLMGQIHQLRSELQDMEAQQVNEAESAREQLQDLHDQIAGQKASKQELETELERLKQEFHYIEEDLYRTKNTLQSRIKDRDEEIQKLRNQLTNKTLSNSSQSELENRLHQLTETLIQKQTMLESLSTEKNSLVFQLERLEQQMNSASGSSSNGSSINMSGIDNGEGTRLRNVPVLFNDTETNLAGMYGKVRKAASSIDQFSIRLGIFLRRYPIARVFVIIYMALLHLWVMIVLLTYTPEMHHDQPYGK,VFVIIYMALLHLWVMIVLLTY,PIAR,TPEMH,2.395238095238095,1.4466666666666665,-0.2900352380952381,-0.20898,3.041625614369223,3.494739663055176,
RecName: Full=Protein transport protein SEC22; AltName: Full=Suppressor of loss of YPT1 protein 2;,P22214,193,213,20,MIKSTLIYREDGLPLCTSVDNENDPSLFEQKQKVKIVVSRLTPQSATEATLESGSFEIHYLKKSMVYYFVICESGYPRNLAFSYLNDIAQEFEHSFANEYPKPTVRPYQFVNFDNFLQMTKKSYSDKKVQDNLDQLNQELVGVKQIMSKNIEDLLYRGDSLDKMSDMSSSLKETSKRYRKSAQKINFDLLISQYAPIVIVAFFFVFLFWWIFLK,QYAPIVIVAFFFVFLFWWIFL,LLIS,K,2.1857142857142855,2.0500000000000003,-0.2527261904761905,-0.24471384615384617,2.9151959937952423,3.151798852506846,
RecName: Full=Integral membrane protein SED5;,Q01590,320,340,20,MNIKDRTSEFQQSVLSYKKRNKNFREQQRERLQEKESENFANNTTGNGKSVSEFQKKASGIAHEISSTAQLLSKLAVLAKRKPMFNDNPVEIAELSFLIKRKIYAIEQSLVQLSQLKKTDVNGNTSNQSSKQPSAVQHSKNVVNLLNTQMKNISGSFKDVLEERQRLEMANKDRWQKLTTDTGHAPADDQTQSNHAADLTTYNNSNPFMTSLLDESSEKNNNSSNQGELSFPQNDSQLMLMEEGQLSNNVYLQERNRAVETIESTIQEVGNLFQQLASMVQEQGEVIQRIDANVDDIDLNISGAQRELLKYFDRIKSNRWLAAKVFFIIFVFFVIWVLVN,WLAAKVFFIIFVFFVIWVLVN,KSNR,,2.404761904761905,1.5119999999999998,-0.28006523809523814,-0.23141119999999998,2.7744998774912797,3.124889451733241,
RecName: Full=Protein CASP;,P70403,620,640,20,MAANVGSMSQYWKRFDLQQLQRELDAAATVLANRQDESEQSRKRLIEQSREFKKNTPEDLRKQVAPLLKSFQGEIDALSKRSKEAEAAFLTVYKRLIDVPDPVPALDVGQQLEIKVQRLHDIETENQKLRETLEEYNKEFAEVKNQEVTIKALKEKIREYEQTLKSQAETIALEKEQKLQNDFAEKERKLQETQMSTTSKLEEAEHKLQTLQTALEKTRTELFDLKTKYDEETTAKADEIEMIMTDLERANQRAEVAQREAETLREQLSSANHSLQLASQIQKAPDVEQAIEVLTRSSLEVELAAKEREIAQLVEDVQRLQASLTKLRENSASQISQLEQQLNAKNSTLKQLEEKLKGQADYEEVKKELNTLKSMEFAPSEGAGTQDSTKPLEVLLLEKNRSLQSENATLRISNSDLSGRCAELQIHLTEATAKAVEQKELIARLEQDLSTIQSIQRPDAEGASEQGLEKIPEPIKEATALFYGPSMSSSGTLPEGQVDSLLSIISSQRERFRTRNQELEAESRMAQHTIQALQSELDSLRADNIKLFEKIKFLQSYPGRGIGSDDTELRYSSQYEERLDPFSSFSKRERQRKYLGLSPWDKATLGMGRLILSNKTARTIGFFYTLFLHCLVFLVLYKLAWSESVERDCAATCAKKFADHLHKFHESDNGAAAGDLWQ,IGFFYTLFLHCLVFLVLYKLA,TART,WSESV,1.9238095238095236,1.1499999999999995,-0.21311285714285713,-0.18147433333333332,3.08232813685843,3.6062389286533896,
RecName: Full=Interaptin; AltName: Full=Actin-binding protein D; AltName: Full=Alpha-actinin B;,O76329,1706,1726,20,MEHSTPLNEEIVHKKNDENWVIAQKKVFTNWCNIFLNQRSQKIEDLETDLYDGILLGSLLEILSGKNVILSKCKQLKTRLHYINNLNFSLKFIGDEGLRLVGVASEDITDGNLKLILGLVWTLILRYQIQSMQNSKSSQQNLHSSTKPSELMLNWVKSQISDYGHHIKDLTTSFQNGLLFCALVHKLVPEKLDYKSLSESDSLGNLTLAFEVANKELGIPSILDPHDIITTPDELSILTYISLFPKVYQQTLEPLNNNNNISPSLSSSSSSLLNTPNKRNSIQLSKSTSFEQQNQQQQQQNLLSPNSYRNSISFSKSPSFEGSQSTGSSRSISPISSPIKNSTTGNSNLSKSTSFEKIEASNTTNNNTIIIAEESRVIEKIVEKIIEVEKIVEVEKIVEVEKIVEVEKIVEVEKIVKVDDIEKLTNLQDQLTEQQQQYQEKSLKLVNLELELQEKSNQLVDKSNQLSTMQATNSELMEKIGGLMNDLTDIPTQDIKEKDEIIANLKIESEKNLKCFQDDFNALQSRYSLTIEQTSQLQDRIKQLINELQERDDKFIEFTNSSNQSLADNQRVIDQLTNEKQSITLQLQDQQDIKEKEFQFEKQQLLSQIDSITTNIQEYQDKFNNLQQEFNTQQTLNQQETHRLTQQLYQINTDYNEKQTQLQSEIKDNQTINEQLNKQLSEKDKEIEKLSNQQEQQQDEKINNLLLEIKEKDCLIERINQQLLENIDLNSKYQQLLLEFENFKLNSSKEKENQLNELQSKQDERFNQLNDEKLEKEKQLQSIEDEFNQYKQQQLSSNSNIDQQLQSTIIELSELKEQKELNDSKLIEKEKQLQQLQQEFDQLNEKNQKDHQDQLELLEKQLKQLQQEYDQLNETNQSIENQLNQQNLINKENLNEKEQELLKLQNQLNQQIEKIQFDQQEFSKQNSINIELVNEKNEKLIQLQQDYDQLKQQNRSNDEKDENDLIEKENQLKSIQNELNQLIEKNESDHKEQQLKQQSIENDLIEKENQIQQLQSQLNEQRQQQSNQLSEKDQQLNQLIEKNQFDQKEQQLKQQSIENDLFEKENQIQQLQSQLNEQRQQQSNQLSEKDQQLNQLIEKNESDQKEQQLKQQSIENDLIEKENQIQQLQLQLNEQRQLQSEVSIDNDKILELEKQLKQCQSDLLKLNDEKQQQDKQLQDKQIEFDQLQLTFNQFKNDKDSQFIQLQDDQKQQLQSIQQDLNQLKQENQEKEKQLSEKDEKLQSIQFENQEKEKQLSEKDEKLQSIQQNLNQLNDENQEKVKQFSEKDEKLQSIQQDLNQLKQENQEKEKQLSEKDEKLQSIQQDLNQLNDDQIKKNEKLKEKEEQLLKLQQDFNDQQSQQLKQLEEKLSEKENQLQQLKQENEINQLNQQQQSNEIIQQLKDQLLKQQQQEQQENNNEKEIERLIQEIEQLKQQQEIDQSELSNKEIKIQTTQQEFDQLSHNRSKDQLHLQQLQQELDQLKQSFDDQDHQFKKVIDERYNLQLQLEQSTLSNNQLDQLLKEKLKPLELDSNEKQKTIDDLLSNISNLQISLQNDKDLISERNNSIKTLESRITQQLSLLDEKDNLIKDLQQQKQQQQQPPTASSSPSSSPSLLSSTPTPKPQRPNQIEIDRLVNEIVNRNQDLIRKNKTKFYKLENGDYIVNSIIYRLSLDDDNDSDLIAQEYENGNSTTFEKSLRIFPSKNTRPIFDWRALFFIGAAVLAISTLFSSSRPIKYEKPT,IFDWRALFFIGAAVLAISTLF,NTRP,SSSRP,1.7476190476190474,0.5966666666666668,-0.20107047619047624,-0.09345366666666667,3.177566232096525,3.4980685120588384,
RecName: Full=Vesicle-associated membrane protein 4; Short=VAMP-4;,O70480,119,139,20,MPPKFKRHLNDDDVTGSVKSERRNLLEDDSDEEEDFFLRGPSGPRFGPRNDKIKHVQNQVDEVIDVMQENITKVIERGERLDELQDKSESLSDNATAFSNRSKQLRRQMWWRGCKIKAIMALAAAILLLMIIILIVVKFRT,IMALAAAILLLMIIILIVVKF,KIKA,RT,3.0619047619047626,2.1333333333333333,-0.32471761904761914,-0.2915088888888889,2.5294881142662007,2.8428262834434572,
RecName: Full=Vesicle-associated membrane protein 5; Short=VAMP-5; AltName: Full=Myobrevin;,Q9Z2P8,73,93,20,MAGKELKQCQQQADEVTEIMLNNFDKVLERHGKLAELEQRSDQLLDMSSAFSKTTKTLAQQKRWENIRCRVYLGLAVAVGLLIILIVLLVVFLPSGGDSSKP,LGLAVAVGLLIILIVLLVVFL,CRVY,PSGGD,3.357142857142857,2.1566666666666667,-0.2753928571428572,-0.159313,2.279720852464461,3.0980685120588385,
RecName: Full=t-SNARE affecting a late Golgi compartment protein 1; AltName: Full=Syntaxin TLG1;,Q03322,204,224,20,MNNSEDPFQQVVKDTKEQLNRINNYITRHNTAGDDDQEEEIQDILKDVEETIVDLDRSIIVMKRDENEDVSGREAQVKNIKQQLDALKLRFDRRIQESTQTTIPLEETVENSTLNTSMAENNDGGMSNPFQEQMLREQDVHLDGIHKTMQNLHIQAQTMGDELENQGQLLDNMDEGMDGVVNKLARGRRQLEWVYEKNKEKYDDCCIGLLIVVLIVLLVLAFIA,DCCIGLLIVVLIVLLVLAFIA,EKYD,,3.0999999999999996,2.116,-0.25615952380952384,-0.22656039999999997,2.701375755906049,3.143465189601647,
RecName: Full=t-SNARE affecting a late Golgi compartment protein 2; AltName: Full=Syntaxin TLG2;,Q08144,318,338,20,MFRDRTNLFLSYRRTFPHNITFSSGKAPLGDDQDIEMGTYPMMNMSHDISARLTDERKNKHENHSDALPPIFIDIAQDVDDYLLEVRRLSEQLAKVYRKNSLPGFEDKSHDEALIEDLSFKVIQMLQKCYAVMKRLKTIYNSQFVDGKQLSREELIILDNLQKIYAEKIQTESNKFRVLQNNYLKFLNKDDLKPIRNKASAENTLLLDDEEEEAAREKREGLDIEDYSKRTLQRQQQLHDTSAEAYLRERDEEITQLARGVLEVSTIFREMQDLVVDQGTIVDRIDYNLENTVVELKSADKELNKATHYQKRTQKCKVILLLTLCVIALFFFVMLKPHGGGSGGRNNGSNKYNNDDNKTVNNSHDDGSNTHINDEESNLPSIVEVTESENDALDDLL,VILLLTLCVIALFFFVMLKPH,QKCK,GGGSG,2.3619047619047615,1.28,-0.2261909523809524,-0.10924066666666664,3.1056721842714325,3.5144093452479406,
RecName: Full=Nesprin-1; AltName: Full=Enaptin; AltName: Full=KASH domain-containing protein 1; Short=KASH1; AltName: Full=Myocyte nuclear envelope protein 1; Short=Myne-1; AltName: Full=Nuclear envelope spectrin repeat protein 1; AltName: Full=Synaptic nuclear envelope protein 1; Short=Syne-1;,Q8NF91,8747,8767,20,MATSRGASRCPRDIANVMQRLQDEQEIVQKRTFTKWINSHLAKRKPPMVVDDLFEDMKDGVKLLALLEVLSGQKLPCEQGRRMKRIHAVANIGTALKFLEGRKIKLVNINSTDIADGRPSIVLGLMWTIILYFQIEELTSNLPQLQSLSSSASSVDSIVSSETPSPPSKRKVTTKIQGNAKKALLKWVQYTAGKQTGIEVKDFGKSWRSGVAFHSVIHAIRPELVDLETVKGRSNRENLEDAFTIAETELGIPRLLDPEDVDVDKPDEKSIMTYVAQFLKHYPDIHNASTDGQEDDEILPGFPSFANSVQNFKREDRVIFKEMKVWIEQFERDLTRAQMVESNLQDKYQSFKHFRVQYEMKRKQIEHLIQPLHRDGKLSLDQALVKQSWDRVTSRLFDWHIQLDKSLPAPLGTIGAWLYRAEVALREEITVQQVHEETANTIQRKLEQHKDLLQNTDAHKRAFHEIYRTRSVNGIPVPPDQLEDMAERFHFVSSTSELHLMKMEFLELKYRLLSLLVLAESKLKSWIIKYGRRESVEQLLQNYVSFIENSKFFEQYEVTYQILKQTAEMYVKADGSVEEAENVMKFMNETTAQWRNLSVEVRSVRSMLEEVISNWDRYGNTVASLQAWLEDAEKMLNQSENAKKDFFRNLPHWIQQHTAMNDAGNFLIETCDEMVSRDLKQQLLLLNGRWRELFMEVKQYAQADEMDRMKKEYTDCVVTLSAFATEAHKKLSEPLEVSFMNVKLLIQDLEDIEQRVPVMDAQYKIITKTAHLITKESPQEEGKEMFATMSKLKEQLTKVKECYSPLLYESQQLLIPLEELEKQMTSFYDSLGKINEIITVLEREAQSSALFKQKHQELLACQENCKKTLTLIEKGSQSVQKFVTLSNVLKHFDQTRLQRQIADIHVAFQSMVKKTGDWKKHVETNSRLMKKFEESRAELEKVLRIAQEGLEEKGDPEELLRRHTEFFSQLDQRVLNAFLKACDELTDILPEQEQQGLQEAVRKLHKQWKDLQGEAPYHLLHLKIDVEKNRFLASVEECRTELDRETKLMPQEGSEKIIKEHRVFFSDKGPHHLCEKRLQLIEELCVKLPVRDPVRDTPGTCHVTLKELRAAIDSTYRKLMEDPDKWKDYTSRFSEFSSWISTNETQLKGIKGEAIDTANHGEVKRAVEEIRNGVTKRGETLSWLKSRLKVLTEVSSENEAQKQGDELAKLSSSFKALVTLLSEVEKMLSNFGDCVQYKEIVKNSLEELISGSKEVQEQAEKILDTENLFEAQQLLLHHQQKTKRISAKKRDVQQQIAQAQQGEGGLPDRGHEELRKLESTLDGLERSRERQERRIQVTLRKWERFETNKETVVRYLFQTGSSHERFLSFSSLESLSSELEQTKEFSKRTESIAVQAENLVKEASEIPLGPQNKQLLQQQAKSIKEQVKKLEDTLEEDIKTMEMVKTKWDHFGSNFETLSVWITEKEKELNALETSSSAMDMQISQIKVTIQEIESKLSSIVGLEEEAQSFAQFVTTGESARIKAKLTQIRRYGEELREHAQCLEGTILGHLSQQQKFEENLRKIQQSVSEFEDKLAVPIKICSSATETYKVLQEHMDLCQALESLSSAITAFSASARKVVNRDSCVQEAAALQQQYEDILRRAKERQTALENLLAHWQRLEKELSSFLTWLERGEAKASSPEMDISADRVKVEGELQLIQALQNEVVSQASFYSKLLQLKESLFSVASKDDVKMMKLHLEQLDERWRDLPQIINKRINFLQSVVAEHQQFDELLLSFSVWIKLFLSELQTTSEISIMDHQVALTRHKDHAAEVESKKGELQSLQGHLAKLGSLGRAEDLHLLQGKAEDCFQLFEEASQVVERRQLALSHLAEFLQSHASLSGILRQLRQTVEATNSMNKNESDLIEKDLNDALQNAKALESAAVSLDGILSKAQYHLKIGSSEQRTSCRATADQLCGEVERIQNLLGTKQSEADALAVLKKAFQDQKEELLKSIEDIEERTDKERLKEPTRQALQQRLRVFNQLEDELNSHEHELCWLKDKAKQIAQKDVAFAPEVDREINRLEVTWDDTKRLIHENQGQCCGLIDLMREYQNLKSAVSKVLENASSVIVTRTTIKDQEDLKWAFSKHETAKNKMNYKQKDLDNFTSKGKHLLSELKKIHSSDFSLVKTDMESTVDKWLDVSEKLEENMDRLRVSLSIWDDVLSTRDEIEGWSNNCVPQMAENISNLDNHLRAEELLKEFESEVKNKALRLEELHSKVNDLKELTKNLETPPDLQFIEADLMQKLEHAKEITEVAKGTLKDFTAQSTQVEKFINDITTWFTKVEESLMNCAQNETCEALKKVKDIQKELQSQQSNISSTQENLNSLCRKYHSAELESLGRAMTGLIKKHEAVSQLCSKTQASLQESLEKHFSESMQEFQEWFLGAKAAAKESSDRTGDSKVLEAKLHDLQNILDSVSDGQSKLDAVTQEGQTLYAHLSKQIVSSIQEQITKANEEFQAFLKQCLKDKQALQDCASELGSFEDQHRKLNLWIHEMEERFNTENLGESKQHIPEKKNEVHKVEMFLGELLAARESLDKLSQRGQLLSEEGHGAGQEGRLCSQLLTSHQNLLRMTKEKLRSCQVALQEHEALEEALQSMWFWVKAIQDRLACAESTLGSKDTLEKRLSQIQDILLMKGEGEVKLNMAIGKGEQALRSSNKEGQRVIQTQLETLKEVWADIMSSSVHAQSTLESVISQWNDYVERKNQLEQWMESVDQKIEHPLQPQPGLKEKFVLLDHLQSILSEAEDHTRALHRLIAKSRELYEKTEDESFKDTAQEELKTQFNDIMTVAKEKMRKVEEIVKDHLMYLDAVHEFTDWLHSAKEELHRWSDMSGDSSATQKKLSKIKELIDSREIGASRLSRVESLAPEVKQNTTASGCELMHTEMQALRADWKQWEDSVFQTQSCLENLVSQMALSEQEFSGQVAQLEQALEQFSALLKTWAQQLTLLEGKNTDEEIVECWHKGQEILDALQKAEPRTEDLKSQLNELCRFSRDLSTYSGKVSGLIKEYNCLCLQASKGCQNKEQILQQRFRKAFRDFQQWLVNAKITTAKCFDIPQNISEVSTSLQKIQEFLSESENGQHKLNMMLSKGELLSTLLTKEKAKGIQAKVTAAKEDWKNFHSNLHQKESALENLKIQMKDFEVSAEPIQDWLSKTEKMVHESSNRLYDLPAKRREQQKLQSVLEEIHCYEPQLNRLKEKAQQLWEGQAASKSFRHRVSQLSSQYLALSNLTKEKVSRLDRIVAEHNQFSLGIKELQDWMTDAIHMLDSYCHPTSDKSVLDSRTLKLEALLSVKQEKEIQMKMIVTRGESVLQNTSPEGIPTIQQQLQSVKDMWASLLSAGIRCKSQLEGALSKWTSYQDGVRQFSGWMDSMEANLNESERQHAELRDKTTMLGKAKLLNEEVLSYSSLLETIEVKGAGMTEHYVTQLELQDLQERYRAIQERAKEAVTKSEKLVRLHQEYQRDLKAFEVWLGQEQEKLDQYSVLEGDAHTHETTLRDLQELQVHCAEGQALLNSVLHTREDVIPSGIPQAEDRALESLRQDWQAYQHRLSETRTQFNNVVNKLRLMEQKFQQVDEWLKTAEEKVSPRTRRQSNRATKEIQLHQMKKWHEEVTAYRDEVEEVGARAQEILDESHVNSRMGCQATQLTSRYQALLLQVLEQIKFLEEEIQSLEESESSLSSYSDWYGSTHKNFKNVATKIDKVDTVMMGKKLKTLEVLLKDMEKGHSLLKSAREKGERAVKYLEEGEAERLRKEIHDHMEQLKELTSTVRKEHMTLEKGLHLAKEFSDKCKALTQWIAEYQEILHVPEEPKMELYEKKAQLSKYKSLQQTVLSHEPSVKSVREKGEALLELVQDVTLKDKIDQLQSDYQDLCSIGKEHVFSLEAKVKDHEDYNSELQEVEKWLLQMSGRLVAPDLLETSSLETITQQLAHHKAMMEEIAGFEDRLNNLQMKGDTLIGQCADHLQAKLKQNVHAHLQGTKDSYSAICSTAQRMYQSLEHELQKHVSRQDTLQQCQAWLSAVQPDLEPSPQPPLSRAEAIKQVKHFRALQEQARTYLDLLCSMCDLSNASVKTTAKDIQQTEQTIEQKLVQAQNLTQGWEEIKHLKSELWIYLQDADQQLQNMKRRHSELELNIAQNMVSQVKDFVKKLQSKQASVNTIIEKVNKLTKKEESPEHKEINHLNDQWLDLCRQSNNLCLQREEDLQRTRDYHDCMNVVEVFLEKFTTEWDNLARSDAESTAVHLEALKKLALALQERKYAIEDLKDQKQKMIEHLNLDDKELVKEQTSHLEQRWFQLEDLIKRKIQVSVTNLEELNVVQSRFQELMEWAEEQQPNIAEALKQSPPPDMAQNLLMDHLAICSELEAKQMLLKSLIKDADRVMADLGLNERQVIQKALSDAQSHVNCLSDLVGQRRKYLNKALSEKTQFLMAVFQATSQIQQHERKIMFREHICLLPDDVSKQVKTCKSAQASLKTYQNEVTGLWAQGRELMKEVTEQEKSEVLGKLQELQSVYDSVLQKCSHRLQELEKNLVSRKHFKEDFDKACHWLKQADIVTFPEINLMNESSELHTQLAKYQNILEQSPEYENLLLTLQRTGQTILPSLNEVDHSYLSEKLNALPRQFNVIVALAKDKFYKVQEAILARKEYASLIELTTQSLSELEAQFLRMSKVPTDLAVEEALSLQDGCRAILDEVAGLGEAVDELNQKKEGFRSTGQPWQPDKMLHLVTLYHRLKRQTEQRVSLLEDTTSAYQEHEKMCQQLERQLKSVKEEQSKVNEETLPAEEKLKMYHSLAGSLQDSGIVLKRVTIHLEDLAPHLDPLAYEKARHQIQSWQGELKLLTSAIGETVTECESRMVQSIDFQTEMSRSLDWLRRVKAELSGPVYLDLNLQDIQEEIRKIQIHQEEVQSSLRIMNALSHKEKEKFTKAKELISADLEHSLAELSELDGDIQEALRTRQATLTEIYSQCQRYYQVFQAANDWLEDAQELLQLAGNGLDVESAEENLKSHMEFFSTEDQFHSNLEELHSLVATLDPLIKPTGKEDLEQKVASLELRSQRMSRDSGAQVDLLQRCTAQWHDYQKAREEVIELMNDTEKKLSEFSLLKTSSSHEAEEKLSEHKALVSVVNSFHEKIVALEEKASQLEKTGNDASKATLSRSMTTVWQRWTRLRAVAQDQEKILEDAVDEWTGFNNKVKKATEMIDQLQDKLPGSSAEKASKAELLTLLEYHDTFVLELEQQQSALGMLRQQTLSMLQDGAAPTPGEEPPLMQEITAMQDRCLNMQEKVKTNGKLVKQELKDREMVETQINSVKCWVQETKEYLGNPTIEIDAQLEELQILLTEATNHRQNIEKMAEEQKEKYLGLYTILPSELSLQLAEVALDLKIRDQIQDKIKEVEQSKATSQELSRQIQKLAKDLTTILTKLKAKTDNVVQAKTDQKVLGEELDGCNSKLMELDAAVQKFLEQNGQLGKPLAKKIGKLTELHQQTIRQAENRLSKLNQAASHLEEYNEMLELILKWIEKAKVLAHGTIAWNSASQLREQYILHQTLLEESKEIDSELEAMTEKLQYLTSVYCTEKMSQQVAELGRETEELRQMIKIRLQNLQDAAKDMKKFEAELKKLQAALEQAQATLTSPEVGRLSLKEQLSHRQHLLSEMESLKPKVQAVQLCQSALRIPEDVVASLPLCHAALRLQEEASRLQHTAIQQCNIMQEAVVQYEQYEQEMKHLQQLIEGAHREIEDKPVATSNIQELQAQISRHEELAQKIKGYQEQIASLNSKCKMLTMKAKHATMLLTVTEVEGLAEGTEDLDGELLPTPSAHPSVVMMTAGRCHTLLSPVTEESGEEGTNSEISSPPACRSPSPVANTDASVNQDIAYYQALSAERLQTDAAKIHPSTSASQEFYEPGLEPSATAKLGDLQRSWETLKNVISEKQRTLYEALERQQKYQDSLQSISTKMEAIELKLSESPEPGRSPESQMAEHQALMDEILMLQDEINELQSSLAEELVSESCEADPAEQLALQSTLTVLAERMSTIRMKASGKRQLLEEKLNDQLEEQRQEQALQRYRCEADELDSWLLSTKATLDTALSPPKEPMDMEAQLMDCQNMLVEIEQKVVALSELSVHNENLLLEGKAHTKDEAEQLAGKLRRLKGSLLELQRALHDKQLNMQGTAQEKEESDVDLTATQSPGVQEWLAQARTTWTQQRQSSLQQQKELEQELAEQKSLLRSVASRGEEILIQHSAAETSGDAGEKPDVLSQELGMEGEKSSAEDQMRMKWESLHQEFSTKQKLLQNVLEQEQEQVLYSRPNRLLSGVPLYKGDVPTQDKSAVTSLLDGLNQAFEEVSSQSGGAKRQSIHLEQKLYDGVSATSTWLDDVEERLFVATALLPEETETCLFNQEILAKDIKEMSEEMDKNKNLFSQAFPENGDNRDVIEDTLGCLLGRLSLLDSVVNQRCHQMKERLQQILNFQNDLKVLFTSLADNKYIILQKLANVFEQPVAEQIEAIQQAEDGLKEFDAGIIELKRRGDKLQVEQPSMQELSKLQDMYDELMMIIGSRRSGLNQNLTLKSQYERALQDLADLLETGQEKMAGDQKIIVSSKEEIQQLLDKHKEYFQGLESHMILTETLFRKIISFAVQKETQFHTELMAQASAVLKRAHKRGVELEYILETWSHLDEDQQELSRQLEVVESSIPSVGLVEENEDRLIDRITLYQHLKSSLNEYQPKLYQVLDDGKRLLISISCSDLESQLNQLGECWLSNTNKMSKELHRLETILKHWTRYQSESADLIHWLQSAKDRLEFWTQQSVTVPQELEMVRDHLNAFLEFSKEVDAQSSLKSSVLSTGNQLLRLKKVDTATLRSELSRIDSQWTDLLTNIPAVQEKLHQLQMDKLPSRHAISEVMSWISLMENVIQKDEDNIKNSIGYKAIHEYLQKYKGFKIDINCKQLTVDFVNQSVLQISSQDVESKRSDKTDFAEQLGAMNKSWQILQGLVTEKIQLLEGLLESWSEYENNVQCLKTWFETQEKRLKQQHRIGDQASVQNALKDCQDLEDLIKAKEKEVEKIEQNGLALIQNKKEDVSSIVMSTLRELGQTWANLDHMVGQLKILLKSVLDQWSSHKVAFDKINSYLMEARYSLSRFRLLTGSLEAVQVQVDNLQNLQDDLEKQERSLQKFGSITNQLLKECHPPVTETLTNTLKEVNMRWNNLLEEIAEQLQSSKALLQLWQRYKDYSKQCASTVQQQEDRTNELLKAATNKDIADDEVATWIQDCNDLLKGLGTVKDSLFFLHELGEQLKQQVDASAASAIQSDQLSLSQHLCALEQALCKQQTSLQAGVLDYETFAKSLEALEAWIVEAEEILQGQDPSHSSDLSTIQERMEELKGQMLKFSSMAPDLDRLNELGYRLPLNDKEIKRMQNLNRHWSLISSQTTERFSKLQSFLLQHQTFLEKCETWMEFLVQTEQKLAVEISGNYQHLLEQQRAHELFQAEMFSRQQILHSIIIDGQRLLEQGQVDDRDEFNLKLTLLSNQWQGVIRRAQQRRGIIDSQIRQWQRYREMAEKLRKWLVEVSYLPMSGLGSVPIPLQQARTLFDEVQFKEKVFLRQQGSYILTVEAGKQLLLSADSGAEAALQAELAEIQEKWKSASMRLEEQKKKLAFLLKDWEKCEKGIADSLEKLRTFKKKLSQSLPDHHEELHAEQMRCKELENAVGSWTDDLTQLSLLKDTLSAYISADDISILNERVELLQRQWEELCHQLSLRRQQIGERLNEWAVFSEKNKELCEWLTQMESKVSQNGDILIEEMIEKLKKDYQEEIAIAQENKIQLQQMGERLAKASHESKASEIEYKLGKVNDRWQHLLDLIAARVKKLKETLVAVQQLDKNMSSLRTWLAHIESELAKPIVYDSCNSEEIQRKLNEQQELQRDIEKHSTGVASVLNLCEVLLHDCDACATDAECDSIQQATRNLDRRWRNICAMSMERRLKIEETWRLWQKFLDDYSRFEDWLKSSERTAAFPSSSGVIYTVAKEELKKFEAFQRQVHECLTQLELINKQYRRLARENRTDSACSLKQMVHEGNQRWDNLQKRVTSILRRLKHFIGQREEFETARDSILVWLTEMDLQLTNIEHFSECDVQAKIKQLKAFQQEISLNHNKIEQIIAQGEQLIEKSEPLDAAIIEEELDELRRYCQEVFGRVERYHKKLIRLPLPDDEHDLSDRELELEDSAALSDLHWHDRSADSLLSPQPSSNLSLSLAQPLRSERSGRDTPASVDSIPLEWDHDYDLSRDLESAMSRALPSEDEEGQDDKDFYLRGAVGLSGDHSALESQIRQLGKALDDSRFQIQQTENIIRSKTPTGPELDTSYKGYMKLLGECSSSIDSVKRLEHKLKEEEESLPGFVNLHSTETQTAGVIDRWELLQAQALSKELRMKQNLQKWQQFNSDLNSIWAWLGDTEEELEQLQRLELSTDIQTIELQIKKLKELQKAVDHRKAIILSINLCSPEFTQADSKESRDLQDRLSQMNGRWDRVCSLLEEWRGLLQDALMQCQGFHEMSHGLLLMLENIDRRKNEIVPIDSNLDAEILQDHHKQLMQIKHELLESQLRVASLQDMSCQLLVNAEGTDCLEAKEKVHVIGNRLKLLLKEVSRHIKELEKLLDVSSSQQDLSSWSSADELDTSGSVSPTSGRSTPNRQKTPRGKCSLSQPGPSVSSPHSRSTKGGSDSSLSEPGPGRSGRGFLFRVLRAALPLQLLLLLLIGLACLVPMSEEDYSCALSNNFARSFHPMLRYTNGPPPL,AALPLQLLLLLLIGLACLVPM,RVLR,SEEDY,2.3523809523809525,1.193333333333333,-0.1839619047619048,-0.1728956666666667,2.488785591776994,3.213269418702727,
RecName: Full=Syntaxin-10; Short=Syn10;,O60499,229,249,20,MSLEDPFFVVRGEVQKAVNTARGLYQRWCELLQESAAVGREELDWTTNELRNGLRSIEWDLEDLEETIGIVEANPGKFKLPAGDLQERKVFVERMREAVQEMKDHMVSPTAVAFLERNNREILAGKPAAQKSPSDLLDASAVSATSRYIEEQQATQQLIMDEQDQQLEMVSGSIQVLKHMSGRVGEELDEQGIMLDAFAQEMDHTQSRMDGVLRKLAKVSHMTSDRRQWCAIAVLVGVLLLVLILLFSL,WCAIAVLVGVLLLVLILLFSL,DRRQ,,2.999999999999999,1.88,-0.26303380952380956,-0.2334776,2.6780317084930454,3.123856189774724,
RecName: Full=Syntaxin-5; AltName: Full=Sed5 protein; AltName: Full=dSed5;,Q24509,446,466,20,MQTRRRLHQTDQQDYSSSSTYTIQEDQQGGAGAGSVGTGTAGGSVGLLAQSLVPPPTGHEAAIHIGDNYQSGDSISTPDYSDDKYGKAARQWNLRAFSGHALRTLSAAAAVVTGNQPGINNDSQSNYSYPASIPTSSQFYQSKEEPQETEPEPEIFVMAARDRTGEFANAIRSLQARNITRAVNIRDPRKAKQVQSYSEFMMVARFIGKNIASTYAKLEKLTMLAKKKSLFDDRPQEIQELTYIIKGDLNALNQQIARLQDISKDQRRHTNGKHLVSHSSNMVLALQSKLASMSTDFKQILEVRTENLKQQKTRRDQFSQGPGPLAAHTVSPSTAKQGSLLLSEENQAVSIDMGSSDTTPLLSTQTQMAIYDDSDNYVQQRAETMQNIESTIVELGGIFQQLAHMVKEQEEIVERIDTNVADAELNIEAAHGEILKYFQSVSKNRWLMIKIFGVLIFFFLFFVVFMS,WLMIKIFGVLIFFFLFFVVFM,SKNR,S,2.6523809523809523,1.623076923076923,-0.25619428571428576,-0.19773499999999997,2.682024710355254,3.1652032965682593,
RecName: Full=Syntaxin-5;,Q08851,334,354,20,MIPRKRYGSKNTDQGVYLGLSKTQVLSPATAINSSSDIAPLPTPVALVPSPPDTMSCRDRTQEFLSACKSLQSRQNGIQTNKPALHATRQCSEFTLMARRIGKDLSNTFAKLEKLTILAKRKSLFDDKAVEIEELTYIIKQDINSLNKQIAQLQDFVRAKGSQSGRHLQTHSNTIVVSLQSKLASMSNDFKSVLEVRTENLKQQRNRREQFSRAPVSALPLAPNNLGGGPIVLGGESRASRDVAIDMMDPRTSQQLQLIDEQDSYIQSRADTMQNIESTIVELGSIFQQLAHMVKEQEETIQRIDENVLGAQLDVEAAHSEILKYFQSVTSNRWLMVKIFLILIVFFIIFVVFLA,WLMVKIFLILIVFFIIFVVFL,TSNR,A,3.1238095238095234,2.226923076923077,-0.3192790476190477,-0.2600515384615384,2.5247326156895404,3.192005835492106,
RecName: Full=Syntaxin-6;,Q9JKK1,235,255,20,MSMEDPFFVVKGEVQKAVNTAQGLFQRWTELLQGPSAATREEIDWTTNELRNNLRSIEWDLEDLDETISIVEANPRKFNLDATELSIRKAFITSTRQIVRDMKDQMSASSVQALAERKNRQALLGDSSSQSWNAGVADRYGRLDRELQLANSHFIEEQQAQQQLIVEQQDEQLELVSGSIGVLKNMSQRIGGELEEQAVMLDDFSHELESTQSRLDNVMKKLAKVSHMTSDRRQWCAIAILFAVLVVVLILFLVL,WCAIAILFAVLVVVLILFLVL,DRRQ,,3.3285714285714283,2.156,-0.3199757142857143,-0.2813088,2.552832161679204,3.0186885704510966,
RecName: Full=Syntaxin-18; AltName: Full=Cell growth-inhibiting gene 9 protein;,Q9P2W9,310,330,20,MAVDITLLFRASVKTVKTRNKALGVAVGGGVDGSRDELFRRSPRPKGDFSSRAREVISHIGKLRDFLLEHRKDYINAYSHTMSEYGRMTDTERDQIDQDAQIFMRTCSEAIQQLRTEAHKEIHSQQVKEHRTAVLDFIEDYLKRVCKLYSEQRAIRVKRVVDKKRLSKLEPEPNTKTRESTSSEKVSQSPSKDSEENPATEERPEKILAETQPELGTWGDGKGEDELSPEEIQMFEQENQRLIGEMNSLFDEVRQIEGRVVEISRLQEIFTEKVLQQEAEIDSIHQLVVGATENIKEGNEDIREAIKNNAGFRVWILFFLVMCSFSLLFLDWYDS,AGFRVWILFFLVMCSFSLLFL,IKNN,DWYDS,2.128571428571428,0.9433333333333332,-0.20074619047619044,-0.137699,3.0961611871181116,3.641084980573949,
RecName: Full=Vesicle transport v-SNARE 11; Short=AtVTI11; AltName: Full=Protein SHOOT GRAVITROPISM 4; AltName: Full=Vesicle soluble NSF attachment protein receptor VTI1a; Short=AtVTI1a; AltName: Full=Vesicle transport v-SNARE protein VTI1a;,Q9SEL6,199,219,20,MSDVFDGYERQYCELSASLSKKCSSAISLDGEQKKQKLSEIKSGLENAEVLIRKMDLEARTLPPNLKSSLLVKLREFKSDLNNFKTEVKRITSGQLNAAARDELLEAGMADTKTASADQRARLMMSTERLGRTTDRVKDSRRTMMETEEIGVSILQDLHGQRQSLLRAHETLHGVDDNIGKSKKILTDMTRRMNKNKWTIGAIIIALIAAIFIILYFKLTK,TIGAIIIALIAAIFIILYFKL,KNKW,TK,2.5666666666666664,1.3740740740740742,-0.27402380952380956,-0.22442148148148147,2.5468465893424046,2.9491509280092663,
RecName: Full=Vesicle transport through interaction with t-SNAREs homolog 1A; AltName: Full=Vesicle transport v-SNARE protein Vti1-like 2; AltName: Full=Vti1-rp2;,Q9JI51,200,220,20,MSADFEGYEQDFAVLTAEITSKISRVPRLPPDEKKQMVANVEKQLEEARELLEQMDLEVREIPPQSRGMYSNRMRSYKQEMGKLETDFKRSRIAYSDEVRNELLGDAGNSSENQLIKLREERAHLLDNTERLERSSRRLEAGYQIAVETEQIGQEMLENLSHDRERIQRARERLRETDANLGKSSRILTGMLRRIIQNRILLVILGIIVVITILTAITFFVRGH,ILLVILGIIVVITILTAITFF,IQNR,VRGH,3.0571428571428565,1.8379310344827586,-0.2723214285714286,-0.22090103448275866,2.5274955437916096,3.1078124605702113,
RecName: Full=t-SNARE VTI1; AltName: Full=Qb-SNARE VTI1; AltName: Full=VPS10-interacting protein 1; AltName: Full=Vesicle transport v-SNARE protein VTI1;,Q04338,195,215,20,MSSLLISYESDFKTTLEQAKASLAEAPSQPLSQRNTTLKHVEQQQDELFDLLDQMDVEVNNSIGDASERATYKAKLREWKKTIQSDIKRPLQSLVDSGDRDRLFGDLNASNIDDDQRQQLLSNHAILQKSGDRLKDASRIANETEGIGSQIMMDLRSQRETLENARQTLFQADSYVDKSIKTLKTMTRRLVANKFISYAIIAVLILLILLVLFSKFK,FISYAIIAVLILLILLVLFSK,VANK,FK,2.6714285714285717,1.9851851851851852,-0.2812952380952381,-0.25002888888888886,2.719964304742391,2.971962854481335,
RecName: Full=Vesicle-associated membrane protein 5; Short=VAMP-5; AltName: Full=Myobrevin;,O95183,73,93,20,MAGIELERCQQQANEVTEIMRNNFGKVLERGVKLAELQQRSDQLLDMSSTFNKTTQNLAQKKCWENIRYRICVGLVVVGVLLIILIVLLVVFLPQSSDSSSAPRTQDAGIASGPGN,VGLVVVGVLLIILIVLLVVFL,YRIC,PQSSD,3.6047619047619044,2.2233333333333336,-0.2895609523809525,-0.20080800000000004,1.9920139962755845,3.051841113795078,
RecName: Full=Vesicle transport v-SNARE 12; Short=AtVTI12; AltName: Full=Vesicle soluble NSF attachment protein receptor VTI1b; Short=AtVTI1b; AltName: Full=Vesicle transport v-SNARE protein VTI1b;,Q9SEL5,200,220,20,MSDVFEGYERQYCELSTNLSRKCHSASVLSNGEEKKGKIAEIKSGIDEADVLIRKMDLEARSLQPSAKAVCLSKLREYKSDLNQLKKEFKRVSSADAKPSSREELMESGMADLHAVSADQRGRLAMSVERLDQSSDRIRESRRLMLETEEVGISIVQDLSQQRQTLLHAHNKLHGVDDAIDKSKKVLTAMSRRMTRNKWIITSVIVALVLAIILIISYKLSH,IITSVIVALVLAIILIISYKL,RNKW,SH,2.6380952380952385,1.4296296296296296,-0.28580857142857147,-0.22779592592592593,2.658680662942251,3.230396411099389,
RecName: Full=Vesicle-associated membrane protein 7A;,Q54NW7,190,210,20,MSQTDILYACVSYKGVCLVEHKIANGNFIDLARRLITKIPPTSKKIYTSENHNFHYISENDLAFLCLCHEKLGVQIPSEFLSDIRQQFIRSYGQSFSQNSPTATYDPFIRVLEERMKYYSNPKSNKMNLVMDQVSEAKGALTDAIEKTIHRGEKIEIIVDKTERLQSESFVFKSNSVALKRKLWWQNKKLAIAIGLVVCILIAVITLALLKYFKVI,LAIAIGLVVCILIAVITLALL,QNKK,KYFKV,3.166666666666666,1.653333333333333,-0.2817390476190476,-0.2364643333333333,2.4935410903536543,3.202910079649727,
RecName: Full=BET1-like protein;,Q5RBX2,87,107,20,MADWARAQSPGAVEEILDRENKRMADNLASKVTRLKSLALDIDKDAEDQNRYLDGMDSDFTSMTGLLTGSVKRFSTMARSGRDNRKLLCGMAVGLIVAFFILSYFLSRART,LLCGMAVGLIVAFFILSYFLS,DNRK,RART,2.3380952380952382,0.8896551724137932,-0.18107714285714288,-0.14578,3.1368637096073186,3.689901581992151,
RecName: Full=BET1-like protein;,Q68EL3,86,106,20,MADPWNRGHGAVDDMLDAENKRMAENLASKVSRLKSLAYDIDKDAEEQNAYLDGMDSNFLSATGLLTGSVKRFSTMVRSGRDNRKILCYVSVGLVVAFFLLYYLVSRMQN,ILCYVSVGLVVAFFLLYYLVS,DNRK,RMQN,2.3095238095238098,0.8103448275862072,-0.22257904761904765,-0.16736551724137932,2.8697379727293746,3.6174924278504315,
RecName: Full=Protein transport protein BET1; AltName: Full=Suppressor of loss of YPT1 protein 12; Short=Protein SLY12;,P22804,118,141,23,MSSRFAGGNAYQRDTGRTQLFGPADGSNSLDDNVSSALGSTDKLDYSQSTLASLESQSEEQMGAMGQRIKALKSLSLKMGDEIRGSNQTIDQLGDTFHNTSVKLKRTFGNMMEMARRSGISIKTWLIIFFMVGVLFFWVWIT,SGISIKTWLIIFFMVGVLFFWVWI,MARR,T,1.9208333333333334,1.382758620689655,-0.19762125,-0.19222931034482763,3.121653522439334,3.4400701165495122,
RecName: Full=Bet1-like SNARE 1-2; Short=AtBET12; AltName: Full=Bet1/Sft1-like SNARE 14b; Short=AtBS14b;,Q94CG2,107,122,15,MNFRRENRASRTSLFDGLDGLEEGRLRASSSYAHDERDNDEALENLQDRVSFLKRVTGDIHEEVENHNRLLDKVGNKMDSARGIMSGTINRFKLVFEKKSNRKSCKLIAYFVLLFLIMYYLIRLLNYIKG,LIAYFVLLFLIMYYLI,KSCK,RLLNY,2.63125,1.372,-0.30647875,-0.2322472,2.5550365325772657,3.1876013115120565,
RecName: Full=BET1-like protein; AltName: Full=Golgi SNARE with a size of 15 kDa; Short=GOS-15; Short=GS15; AltName: Full=Vesicle transport protein GOS15;,O35152,87,107,20,MADWTRAQSSGAVEEIVDRENKRMADSLASKVTRLKSLALDIDRDTEDQNRYLDGMDSDFTSVTGLLTGSVKRFSTVARSGRDTRKLLCGMAVVLIVAFFILSYLFSRTRT,LLCGMAVVLIVAFFILSYLFS,DTRK,RTRT,2.5571428571428574,1.0586206896551724,-0.2200966666666667,-0.17233172413793102,3.1009166856947723,3.5949054612278935,
RecName: Full=Protein transport protein BOS1;,Q6FKA1,219,239,20,MNALYIHAQKQKTQLQQDIAKFEQDNLTAPISLQGSISATLVAFEKTIEQYKQHFDKRRAGGSNDEEQLDPKYELRLVSLKKDHKDFDAKFKELKQKYNENNARSKLFESPLDAQTGGESVMNQRRTATNDHTSQPGNTSSNYGLPMYDGLQKEQSIFQRGNAQLDMILEMGQQSLDDIMEQNQILLKVQDQMSRSLRTLGVSEETIQTINKRVFKDKLIFILIIFLFLVGVYYVLKWFR,LIFILIIFLFLVGVYYVLKWF,FKDK,R,2.5238095238095237,1.5384615384615385,-0.27450904761904765,-0.23613076923076923,2.7559113286549373,3.0570144891718396,
RecName: Full=Protein transport protein bos1;,Q9P7G5,214,234,20,MSNTLYNHCTKLFQSIQRSLDELERGVQDESNTISLAGIQGQISASFLSLSRSIDDYDSMVQRELVPAKKKKATIRIQEFRQKHVQLLEKFDELKAHVRDIAQAKNRKELLGRRGYVNSLDSPYGNSTTDAEIVEGPSDLSRQDGLLKEHDFLGRAESQVDEFLERGRMILGDLVEQGSVLKATKTKVLNAANTLGITRHTLSLINRRSKQDKIIFYCGAFLVFVLFYLIYRWLR,IIFYCGAFLVFVLFYLIYRWL,KQDK,R,2.0428571428571427,0.9076923076923078,-0.2466209523809524,-0.21214846153846154,3.0823281368584303,3.4885252948977485,
RecName: Full=Bet1-like SNARE 1-1; Short=AtBET11; AltName: Full=Bet1/Sft1-like SNARE 14a; Short=AtBS14a;,Q9M2J9,104,121,17,MNPRREPRGGRSSLFDGIEEGGIRAASSYSHEINEHENERALEGLQDRVILLKRLSGDINEEVDTHNRMLDRMGNDMDSSRGFLSGTMDRFKTVFETKSSRRMLTLVASFVGLFLVIYYLTR,LTLVASFVGLFLVIYYLT,SRRM,R,2.1277777777777778,1.126086956521739,-0.2113477777777778,-0.19204565217391306,2.927451224964519,3.257500413502067,
RecName: Full=Protein transport protein bet1;,O13932,95,115,20,MGSRFGRRKERNGDMLPLYESQSPQHLDSLENENDERISKLTGKVKSLKELTMNIGTEITSSTKLMESMNDSFDSTKSLLSGTMTRLKNVSKNGGISIWMWLAFFCLVALILVLVRF,GISIWMWLAFFCLVALILVLV,SKNG,RF,2.6523809523809527,1.6814814814814814,-0.24956333333333336,-0.1828548148148148,3.1009166856947723,3.500283688055054,
RecName: Full=Bet1-like protein At4g14600;,Q8VXX9,114,134,20,MASNPHRSGAGGSLYGGAAPYRSREGLSTRNAAGSEEIQLRIDPMHSDLDDEITGLHGQVRQLKNIAQEIGSEAKFQRDFLDELQMTLIRAQAGVKNNIRKLNMSIIRSGNNHIMHVVLFALLVFFVLYIWSKMFKR,IMHVVLFALLVFFVLYIWSKM,GNNH,FKR,2.1380952380952385,1.025,-0.26382333333333335,-0.18395535714285716,3.2135132560090707,3.59306920777189,
RecName: Full=Protein transport protein BOS1;,Q75CY3,199,219,20,MNALYNHAVKQKKLLEQELNRFELGVAAPVGLQGSISTALVGLERTIEQYQAQVAQTGSGAEAGKHAQRVGELTECAASARRRFEGLRAASMQPVAFQSGAAAPEGAVSQRAAGARTTINSAGGLPLYEGLRREQNMLARGNARLDSILQMGQESLEDMVEQHRILQRVAERMQGSLRTLGVSDATIERIGRRVKKDKAIFWSSLTLLVVGVYYVLRIFG,AIFWSSLTLLVVGVYYVLRIF,KKDK,G,1.795238095238095,0.8500000000000001,-0.2171771428571429,-0.16154346153846152,3.249460279921617,3.5175594295963433,
RecName: Full=Protein transport protein BOS1;,Q6CRX0,227,247,20,MNALYNHAIKQRSLLNKDLGKFEKELVTAPISLQGAIATTLVSFEKTLHQYKEQYKQYQINSSDDNDETKLKYETRLQTLTQDYEDAKEKFTELKQKYSEINARDQLFNQQASMVEETVMNKRNINAPPQTSFGIGALDQNSERMTINSAAGLPLYEGLRKENSIFERGNAHLDRILQMGQESLEDIMEQNRVLQRLQSQMTKSLHVLGVSNETIEKINKRLFKDKLIFYIGLLLLILGIYFVLKWFG,LIFYIGLLLLILGIYFVLKWF,FKDK,G,2.3333333333333335,1.5423076923076924,-0.23854238095238098,-0.18362615384615388,2.658680662942251,2.886545123574547,
RecName: Full=Membrin-12; Short=AtMEMB12; AltName: Full=Golgi SNAP receptor complex member 2-2;,Q9FK28,198,215,17,MASGTVGGLSEVYSSAKRILLRARNGIEKLERFDSDPTDLASSVKRDITEVQSLCSNMDGLWRSIPVKSQRDLWRRKSEQVGEEAEYLNQSLEKYMWRNQRKMLEAKERADLLGRGSGEGAHILQIFDEEAQGMNSVKNSKRMLEDSFQSGVAILSKYAEQRDRLKSAQRKALDVLNTVGLSNSVLRLIERRNRVDTWIKYAGMIATLVILYLFIRWTR,WIKYAGMIATLVILYLFI,RVDT,RWTR,1.8555555555555558,0.7038461538461539,-0.24332555555555554,-0.20360769230769232,3.2390979179887864,3.53641423712223,
RecName: Full=Membrin-11; Short=AtMEMB11; AltName: Full=27 kDa Golgi SNARE protein; AltName: Full=Golgi SNAP receptor complex member 2-1;,Q9SJL6,201,221,20,MASGIVEGGGSLSDVYSSAKRILLKARDGIERLERFESSSMDSPDLASSVKRDITEVRSLCSNMDTLWRSIPVKSQRDLWRRKTEQVGEEAEYLNLSLEKYMSRNQRKMLEAKERADLLGRASGEGAHILQIFDEEAQAMSSVKNSKRMLEESFSSGVAILSKYAEQRDRLKSAQRKALDVLNTVGLSNSVLRLIERRNRVDTWIKYAGMIATLVILYLFIRWTR,VDTWIKYAGMIATLVILYLFI,RRNR,RWTR,1.5904761904761904,0.1999999999999999,-0.21569190476190478,-0.18679620689655171,3.4039894464852614,3.5780011510322707,
RecName: Full=GTPase IMAP family member 1; AltName: Full=Immunity-associated protein 1; Short=hIMAP1;,Q8WWP7,273,292,19,MGGRKMATDEENVYGLEENAQSRQESTRRLILVGRTGAGKSATGNSILGQRRFFSRLGATSVTRACTTGSRRWDKCHVEVVDTPDIFSSQVSKTDPGCEERGHCYLLSAPGPHALLLVTQLGRFTAQDQQAVRQVRDMFGEDVLKWMVIVFTRKEDLAGGSLHDYVSNTENRALRELVAECGGRVCAFDNRATGREQEAQVEQLLGMVEGLVLEHKGAHYSNEVYELAQVLRWAGPEERLRRVAERVAARVQRRPWGAWLSARLWKWLKSPRSWRLGLALLLGGALLFWVLLHRRWSEAVAEVGPD,SWRLGLALLLGGALLFWVLL,KSPR,HRRWS,1.825,0.40689655172413786,-0.169849,-0.11839172413793105,2.457717469130148,3.0374986668699444,
RecName: Full=Golgin subfamily A member 5; AltName: Full=Golgin-84;,Q7SXE4,728,748,20,MSWFVDLAGKAEDFLNKVDQGAATALTKPNQKSSLSYNSPDATDSTQYNAAAYSSTQQHRDSISASSLGTSTFISAAAGNIKKSKATVLAGTANVSSTTPLGSSSKASSNFVRPRKSEVNDDLLFDFLNSSDPPQSEKKEVRRETVSKAFSPTGVSAQSQMPTVSLASDLHTGPSVTPTPSSTQGLSRNSSLGSLSSSSHSVKTEDSSTRDQSQADVPESLTAGLDDLADPQPVLEIQSQDLQQQQQQQGQEHVISNLRLENQLLRNEVSSLNQEMASLIQRAKDMQEEVNLGRARADKWNSDQSRVDRTVRELSSQVDDLTEALSAKDGQLAVLKVRLDEADQLLKARSSALEEAQNERVRILQDHSEGSSLHSQAVQTLQDRLRDAEAAVKREQESYRQIQSEFAARLAKVEAERQTLAESLTNAERRLTEEKQRAEDLQQQAKSSRSAAEYTKQELQDYKNKASRILQSKEKLINSLKEGSGLEVLEGAGAGVELEELRHEKELQREEIQKLQAQIQSLRTEIQDLETQALTENESWREQLAEVQEQHAQQIRAKQEIEAELERSKQELQYIEEEHHRTKITLQGRVKDREDEIQKLRNQLTNKALSNSSQAELEGRLHQLTETLIQKQTMLEALGTEKNSLVFQLERLEQQLKSLQGGQNSASHINMAAMEGPGARQRNTPILFSDGDGPGTGVYGKVRKAASTIDRFSIRLGIFLRRYPMARVFVIIYMALLHLWVMIVLLTYTPEMHHSHPDGR,VFVIIYMALLHLWVMIVLLTY,PMAR,TPEMH,2.395238095238095,1.3599999999999999,-0.2900352380952381,-0.20243533333333333,3.041625614369223,3.494739663055176,
RecName: Full=Golgi SNAP receptor complex member 1-2; AltName: Full=Golgi SNARE 12 protein; Short=AtGOS12;,O22151,236,256,20,MTESSLDLQESGWEELRREARKIEGDLDVKLSSYAKLGARFTQGDTDLVMNYEKVLKCVLVSGYVDTGSPTVGSGRSWKSMEMEIQSLLEKLLDINDSMSRCAASAAPTTSVTQKLARHRDILHEYTQEFRRIKGNINSLREHAELLSSVRDDISEYKASGSMSPGVQVLRERASIHGSISHIDDVIGQAQATRAVLGSQRSLFSDVQGKVKNLGDKFPVIRGLLGSIKRKRSRDTLILSAVIAACTLFLIIYWLSK,TLILSAVIAACTLFLIIYWLS,RSRD,K,2.223809523809524,1.1346153846153846,-0.23511904761904767,-0.1930869230769231,3.0416256143692224,3.426616045880947,
RecName: Full=Golgin-84;,P90970,505,525,20,MLQTGDAIQNARDSAPRTRKSSTASVSATIISMPEHVITEDFGRPAPSLPSRAQSDYTGAGWRGGRNYEQGSSSTHQPGVTAASESWTMVLNSKEVKNAKPDEDTRSQRSVGGRSVASIRTTSEFAGNDSSPNFKSQLFAKDSQISVLKTKLSEVERKFEKRSQDYYEMKAEKEMLEKRVENQKVSSHEMDSLQELKLARQKAQDQKEKAVEECNMHKRKIVGLEEEIRAMVEQLRLAKFNLNENKKEFDEYKNKAQKILTAKEKLVESLKSEQGIGSSDRPVHLLQAEVEEIRVERDLTKADLESAQLQVYTLRSDMEELEAQIRDLQSQLSDQKRTHLEEKQTWDSTIGLLNEKVECSRIENEFTKQEMKRQGDQHQSKMLEKENELRKTISDLRSRMRDEQTKQEDDGSSQLTDLLLQKQQQLEDVLRNNQVLNVRLERLQKATNRETSIAVDSNSSPMHTSSSHPLLSNINNPQTRNALHTVDSTAFKLLSMLRGHPSARLFFVLYFIIMHLWLFFIVLTYTPEIH,LFFVLYFIIMHLWLFFIVLTY,PSAR,TPEIH,2.3523809523809525,1.3266666666666664,-0.2730104761904762,-0.18477,2.8697379727293746,3.5329145639793977,
RecName: Full=Golgin subfamily A member 5; AltName: Full=Golgin-84; AltName: Full=Protein Ret-II; AltName: Full=Protein Sumiko;,Q9QYE6,697,717,20,MSWFADLAGRAEDLLNRVDQGAATALRKENTSNIFYSKNTDYPELQQQNTDSNYQTGQKANYISSAADNIRHQKATILAGTANVKVGSRTVGDATHPTEHASAPRPSSQFVRRKKSEPDDELLFDFLNSSQKEPTGRVEVKKEKGRAPVSPSSPSGVSSVNTSVTTTKAMGGNAGSQSPGVNSSDSVPEVHKEPSEESTAPSATSEEHSSTPSDGSSRSQELSNLRLENQLLRNEVQSLNQEMASLLQRSKETQEELNKARVRVEKWNVDNSKSDRITRELRAQVDDLTEAVAAKDSQLAVLKVRLQEADQVLSSRTEALEALRSEKSRIMQDHKEGSSLQNQALQTLQERLHEADATLKREQESYKQMQSEFAARLNKMEVDRQNLAEAVTLAERKYSEEKKKVDELQQQVKLHRASLESAKQELVDYKQKATRILQSKEKLINSLKEGSSFEGLESSTASSMELEELRHEKEMQKEEIQKLMGQMHQLRSELQDMEAQQVSEAESAREQLQDLQDQIAKQRTSKQELETELERMKQEFRYMEEDLHRTKNTLQSRIKDREEEIQKLRNQLTNKTLSNSSQSELESRLHQLTETLIQKQTMLESLSTEKNSLVFQLERLEQQVHSASSGPNSGSAINMSGVDSGEGTRLRNVPVLFNDTETNLAGMYGKVRKAASSIDQFSIRLGIFLRRYPIARVFVIIYMALLHLWVMIVLLTYSPEMHHDQPYGK,VFVIIYMALLHLWVMIVLLTY,PIAR,SPEMH,2.395238095238095,1.4433333333333331,-0.2900352380952381,-0.20451333333333332,3.041625614369223,3.5614063297218426,
RecName: Full=Golgi SNAP receptor complex member 1 {ECO:0000250|UniProtKB:Q95ZW1}; AltName: Full=28 kDa Golgi SNARE protein {ECO:0000250|UniProtKB:Q95ZW1}; Short=GOS-28 {ECO:0000250|UniProtKB:Q95ZW1};,A8XLW0,213,233,20,MSETWEALRKKARSTENSIDVKLVSLNKLTASSHGGFDIDEKTVSSRQTTFRTVTTEIEGLIEQLTNINDDMNDVAGAQSSASWASNPAIQHTLRRHREILRDYGSEYRRARDNVDQVLQRELLLSSSNNESRNPAVNNRARGYDMYLKENDHINACDRLLDEQIEMAMSTKENVARQGINLRGISNRLHYITKKYPAINNLMQKIKTKKQKNTMILAGVISACLIFTIFWIIN,NTMILAGVISACLIFTIFWII,KKQK,N,2.1619047619047618,1.026923076923077,-0.2014461904761905,-0.17263192307692307,3.27280432733462,3.53641423712223,
RecName: Full=Golgi SNAP receptor complex member 1; AltName: Full=Probable 28 kDa Golgi SNARE protein;,Q9VE50,212,232,20,MGGSSYDVLRKQARSLENEIDLKLVAFSKIGAGSGGGGSGGLGGVDTSPLLGEHVFDSLSEEIEQMLEKLSSLNESMSDLPASGAAAMHTLQRHREILQGYRQEFNKICANHTMRIEREELLRGSGLATSSGSPSISGLNRREMYLKESGHLNSASHLVNDQINIAIETRDHLHAQRQAFKRLQTRFNDISNRFPLISSLIQRINIKKRRDSLILGAVIGFCVILLLLYAFN,SLILGAVIGFCVILLLLYAFN,KRRD,,2.3809523809523805,1.344,-0.1916338095238095,-0.169998,3.0463811129458835,3.4332696895151074,
RecName: Full=Golgi SNAP receptor complex member 2; AltName: Full=27 kDa Golgi SNARE protein; AltName: Full=Membrin;,O35166,191,211,20,MEPLYQQTNKQVQEIQSHMGRLERADKQSVHLVENEIQASIEQIFSHLERLEILSSKEPLNRRQNAKLRVDQLKYDVQHLQTALRNFQHRRQVREQQERQRDELLSRTFTTNDSDTTIPMDESLQFNSSLHNIHHGMDDLIGGGHSILEGLRAQRLTLKGTQKKILDIANMLGLSNTVMRLIEKRAFQDKYFMIGGMLLTCAVMFLVVQYLT,YFMIGGMLLTCAVMFLVVQYL,FQDK,T,1.9190476190476193,1.2115384615384615,-0.19358999999999998,-0.16700846153846158,3.2728043273346197,3.53641423712223,
RecName: Full=GTPase IMAP family member 1; AltName: Full=Immune-associated protein 38; Short=IAP38; AltName: Full=Immunity-associated protein 1;,P70224,251,266,15,MPQLRLILVGRTGTGKSATGNSILGQKCFLSRLGAVPVTRSCTLASRMWAGWQVEVVDTPDIFSSEIPRTDPGCVETARCFVLSAPGPHALLLVTQLGRFTMQDSQALAAVKRLFGKQVMARTVVVFTRQEDLAGDSLQDYVHCTDNRALRDLVAECGGRVCALNNRATGSEREAQAEQLLGMVACLVREHGGAHYSNEVYELVQDTRCADPQDQVAKVAEIVAERMQRRTRLLAGLWGWRKFYWKGWRRGFSVFLGVAILIYLLFYRKGFGDQNNR,GFSVFLGVAILIYLLF,GWRR,YRKGF,2.49375,0.8919999999999999,-0.19406125000000002,-0.14179360000000002,2.827819531114783,3.253660689688186,
RecName: Full=Golgin-84;,Q8SZ63,493,513,20,MSSWITGLADKAENILNKLDQNAATALQTENATGSADPMRRSMTSSTQSLSTSLKSTLSPVRRSGANSSSSVKSDGGVSVVTKDMRQKMTTSASFSNSPDISANSMDTNELAAFKIALNEITAERDELRLRLEDLNNETEKFDLHQHTQVLEALVKSLSEERDKAVHDYNEAQAANMAYVHSISELETNLAKLQQEYISAAHKLQMQTKETEQQRQELQEYRIKAQRALQAKDSLIAELKAKPTEEGADPNLVSKDSETRFLQIEHESLKQELEHANEELQKARLQLDDYVSQERQRQVELSSARQREETLAKELRQAREHSVTSESDQRVLTQELASLRQQLSNQMAAAATRLQEREQQLQQMRQRLSEEANTGAKSDYETRLKALTQSLVERQSLLERVTSERNALRLQHEKAQTQLQQNMHLVEMESQRGSSRHTMLNSTDDVKAQFPLLMHPSPFDNRVARRFKRALRQADSMGIRVGTFLRRYPMMRVSVIVYVALLHLWVMFVLLSTTPN,VSVIVYVALLHLWVMFVLLST,PMMR,TPN,2.261904761904762,1.407142857142857,-0.2523547619047619,-0.16372964285714287,3.0056785904566765,3.4547012441673464,
RecName: Full=Golgin subfamily A member 5; AltName: Full=Golgin-84;,Q6GNT7,690,710,20,MSWFTDLAGRAEDFLNLVDQGAATALKTKDGNDLIMDSITDYSGNFEEKQKTTEKYQSQAKSSFISSAADNIKHQKATMLAGTANIKTGTRSSIESSHNSSVNVSSHRSTTQFVRQKKSEPDDEQLFDFLNSSDKVHSSSQKETRKESASVNQAVKPISQSVTMAEDFHNTTEDAGVPLLPELGITEPVVKAETLSDSGSSASLSTTGDPKSHELSNLRLENQLLRNEVQSLNQEMASLIQRSKETQEELNEARTRMEKWNGDNSKNDRTARELRAQVDDLSEAMAAKDSQLAVLKVRLQEADQLLKSRTETLESLQIEKSRILQDQSEGSSIHNQALQTMQERLREAESTLIREQESYKQIQNEFATRLSKIEAERQNLAEAVILAEKKHMEEKRKSDDLQQQLKTSKVGLDSLKQEMADYKQKATRILQSKEKLINSLKEGSGIEGLDSHSASTMELEEMRHERDMQREEIQKLMGQIQQLKAELQDVETQQVSEAESAREQLQDVHEQFATQQRAKQELEAELERQKQEFQYIQEDLYKTKNTLQGRIRDREDEIQKLRNQLTNKALSSSSQTELENRLHQLTETLIQKQTMLENLSTEKNSLVYQLERLEHQLKNVQGSSLNGTSINMSVIESNEGARMRNVPVLFSDSDPNVAGMYGRVRKAATSIDQFSIRLGIFLRRYPIARVFIIIYMALLHLWVMIVLLTYTPEMHHDTPSGK,VFIIIYMALLHLWVMIVLLTY,PIAR,TPEMH,2.4095238095238094,1.4566666666666666,-0.291752380952381,-0.21018200000000004,3.041625614369223,3.4825887305018335,
RecName: Full=Golgi SNAP receptor complex member 1-1; AltName: Full=Golgi SNARE 11 protein; Short=AtGOS11;,Q9LMP7,202,222,20,MDVPSSWDALRKQARKIEAQLDEQMHSYRRLVSTKALSKSDGNESDLEAGIDLLLRQLQQVNAQMQAWVSSGGSEMVSHTLTRHQEILQDLTQEFYRHRSSLRAKQEHASLLEDFREFDRTRLDLEDGYGSEQALIKEHMGINRNTAQMDGVISQAQATLGTLVFQRSTFGGINSKLSNVASRLPTVNTILAAIKRKKSMDTIILSLVAAVCTFLIFIYWITK,TIILSLVAAVCTFLIFIYWIT,KSMD,K,2.3285714285714283,1.4884615384615383,-0.24609952380952382,-0.20091000000000003,3.100916685694772,3.5035391228040247,
RecName: Full=Protein transport protein gos1; AltName: Full=Golgi SNAP receptor complex member 1; AltName: Full=Golgi SNARE protein 1;,Q09835,164,181,17,MKSMLLRDSVKKASQFQRSLHSDPNQAKILLEERRKLLEEANSSADENDSHSMATIKSHFERLKRDEQLLNGVLKKYDAKQEVLSPEELRDAQNFLEMQEANSLDNSIRGTNELLERAYATREDFDYQNSVLGNVTNRINGAAMSIPFINQILRKTSIRRRRDSIILALLISVLMLLFLFFH,SIILALLISVLMLLFLFF,RRRD,H,3.0444444444444443,1.5043478260869563,-0.2720444444444445,-0.22609391304347828,2.438743920401748,2.961990349061638,
RecName: Full=Golgi SNAP receptor complex member 2 homolog memb-1 {ECO:0000305};,P41941,190,210,20,MEALYQSTNFLLQKVQHDLGRLEGTQNEQDAQVVVQCIYGDVITLKENCQTLDNYVSREPPARRQAARMRVDQLRADVHRVDMAVSAVHTRMTQRWRAATERDELLRTRYRPNDTALSIGDHELLLNDRLQSSHTHLDDLISQGSAVLENLKSQHLNLRGVGRKMHEIGQALGLSNSTLQVIDRRVREDWILFVIGCIVCCIFMYAFYRFWRG,WILFVIGCIVCCIFMYAFYRF,VRED,WRG,2.1047619047619044,1.1107142857142858,-0.2207704761904762,-0.1843839285714286,3.213513256009071,3.512188403968661,
RecName: Full=Golgi SNAP receptor complex member 2 homolog memb-1 {ECO:0000250|UniProtKB:P41941};,A8XP14,190,210,20,MEAQYQSTNFLLQKVQHDLGRLEGTQNEQDAQVVVQSIYGDISTLKDNLQALDNYVSREQPARRQAARMRVDQLRMDVQRVDMAVSAVHTRMTQRWRSASEREELLSARYRPNDTALSIGDHELQLNDRLHSSHNRLDELISQGSAVLDNLKSQHFSLRGVSRKMHDIGQALGLSNSTLQVIDRRVREDWIFVIGCIVCCIFMYAFYRFWRG,WIFVIGCIVCCIFMYAFYRFW,VRED,RG,1.880952380952381,1.011111111111111,-0.21626809523809523,-0.17869703703703707,3.1182751607709758,3.4117518537749354,
RecName: Full=Probable Golgi SNAP receptor complex member 2;,Q9VRL2,195,215,20,MESLYHQTNNVVKDIERDFQRLSQLSAQESLDVENGIQLKITQANANCDRLDVLLYKVPPSQRQSSKLRVDQLKYDLRHLQTSLQTARERRQRRMQEISEREQLLNHRFTANSAQPEETRLQLDYELQHHTQLGNAHRGVDDMIASGSGILESLISQRMTLGGAHKRIQAIGSTLGLSNHTMKLIERRLVEDRRIFIGGVVVTLLIIALIIYFLVL,IFIGGVVVTLLIIALIIYFLV,EDRR,L,3.0285714285714285,1.9769230769230772,-0.26070142857142864,-0.23626538461538463,2.701375755906049,3.1189237381886397,
RecName: Full=Vesicle-trafficking protein SEC22b-A; AltName: Full=SEC22 vesicle-trafficking protein homolog B-A;,Q7ZV15,191,213,22,MVLQTMIVRVADSLPLAASMQEDEQSGRDLQKYQSQAKQLCRKLNEQSPARCTLEAGKMCFHYVIEKGVCYLALCEAGFPKKLAFAYLEDLEGEFSEQYGAKVPSVSRPYSFIEFDTYIQKTIKSYIDSRARRNLGNINSELHDVQRIMVANIEEVLQRGEALSALDSKASNLSSLSKKYRSDAKYLNTRSTYAKVAAGAVIIITLIIYVRFWWL,STYAKVAAGAVIIITLIIYVRFW,LNTR,WL,1.4956521739130435,1.1172413793103446,-0.2269830434782609,-0.2095748275862069,3.2903216092483056,3.4830050302680133,
RecName: Full=Vesicle-trafficking protein SEC22b-B; AltName: Full=SEC22 vesicle-trafficking protein homolog B-B;,Q7SXP0,191,213,22,MVLLTMIARLADGLPLAASMQEDEQMGRDLQQYQSQAKQLFRKLNEQSPNRCTLEAGSMSFHYVIEKGVCYLVLCEAGFPKKLAFAYLEDLQAEFHEQHGKKVPTVSRPYSFIEFDTYIQKTKKSYIDSRARRNLSNINTELQDVQRIMVANIEEVLQRGEALSALDSKASNLSSLSKKYRSDAKYLNTRSTYAKLAAGGVFFIMLIVYIRFWWL,STYAKLAAGGVFFIMLIVYIRFW,LNTR,WL,1.3478260869565215,1.0,-0.18778391304347827,-0.1784858620689655,3.5555331514269954,3.6764409086968683,
RecName: Full=Vesicle-trafficking protein SEC22b; AltName: Full=ER-Golgi SNARE of 24 kDa; Short=ERS-24; Short=ERS24; AltName: Full=SEC22 vesicle-trafficking protein homolog B;,O08595,195,215,20,MVLLTMIARVADGLPLAASMQEDEQSGRDLQQYQSQAKQLFRKLNEQSPTRCTLGAGAMTFHYIIEQGVCYLVLCEAAFPKKLAFAYLEDLHSEFDEQHGKKVPTVSRPYSFIEFDTFIQKTKKLYIDSRARRNLGSINTELQDVQRIMVANIEEVLQRGEALSALDSKANNLSSLSKKYRQDAKYLNMRSTYAKLAAVAVFFIMLIVYVRFWWL,KLAAVAVFFIMLIVYVRFWWL,STYA,,1.9714285714285713,1.6159999999999999,-0.28862714285714286,-0.25513840000000004,3.141619208183979,3.3834651896016465,
RecName: Full=Protein transport protein SEC22;,Q6CJA0,193,213,20,MIRSTLIFREDGLPLCASVDDDTDPSLQEQKKKVKILISRFTPTSANEATVESGDFEIHYIRLNTVVYIVVAERNYPRNLAFSYLADIQQEFEHSYGGQLSKSNVRPYEFVSFDNFLQKTKKVYNDKRVQGNMDQLNQDLKGVKQIMTKNIEDLLYRGDSLDKMSDMSASLRQDAKKYRASAQKINFDLLISQYAPIAIIAFFFVFLLWWMFLR,QYAPIAIIAFFFVFLLWWMFL,LLIS,R,2.0095238095238095,1.8846153846153846,-0.24450904761904765,-0.2410192307692308,3.0649696617822264,3.2398947777165885,
RecName: Full=25.3 kDa vesicle transport protein; Short=AtSEC22;,Q94AU2,193,213,20,MVKMTLIARVTDGLPLAEGLDDGRDLPDSDMYKQQVKALFKNLSRGQNDASRMSVETGPYVFHYIIEGRVCYLTMCDRSYPKKLAFQYLEDLKNEFERVNGPNIETAARPYAFIKFDTFIQKTKKLYQDTRTQRNIAKLNDELYEVHQIMTRNVQEVLGVGEKLDQVSEMSSRLTSESRIYADKAKDLNRQALIRKWAPVAIVFGVVFLLFWVKNKLW,LIRKWAPVAIVFGVVFLLFWV,NRQA,KNKLW,1.961904761904762,0.7699999999999999,-0.22699285714285716,-0.190479,3.1009166856947723,3.4192509128388293,
RecName: Full=Protein transport protein sec22;,Q9Y7L0,195,215,20,MVKSTTVTRLDGLPLAASVDDESTERNLESHKKQAKLILKRLSPTSEKRASIESGDYTFHYLIDNGICYLCICEQSYPRKLAFSYLEELAGEFWNSFGEEALQPGLRPYAFVQFDTFMQKSKRVYNTPRANDNLDKLNTELKDVTRVMTKNIEDLLYRGDSLEKMADLSSDLRYSSAKYKKAARRVNLEALWRQYGPVSIIALLFLIFVYWRFFA,YGPVSIIALLFLIFVYWRFFA,LWRQ,,1.7761904761904757,1.288,-0.1992757142857143,-0.2052148,3.27280432733462,3.413660689688186,
RecName: Full=Protein transport protein SEC22;,Q6FWT0,194,214,20,MIKSTVVYRDDGLPLCSSVDDDISDLSLNEQKKRIKMVVSRMTPQSANEATLESKDSEIHYIRQQGVIYFVICEAGYPRNLAFSYLNDVAVEFQHSYSNELSKPTIRPYAFASFDTFLQRTKKAYSDKKVQDNLDQLNQELVGVKQIMSKNIEDLLYRGDSLEKMDDMSNSLKISSKKYRKSAQKINFDLLISQYAPIVMVAFFFVFLFWWVFLR,QYAPIVMVAFFFVFLFWWVFL,LLIS,R,2.0476190476190474,1.9153846153846152,-0.24165952380952388,-0.23871769230769233,2.987090041620335,3.257756064128518,
RecName: Full=Protein transport protein SEC22;,Q6C880,193,213,20,MVLSTLIMRASDGLPLSASVDDGQENLSEQKKQCKLVTQKLSANSADRASIESGNYVIHYLMKDGIVYYCISESSYPRKLAFSYLDELDREFQKSHGQEALKEGVRPYKFVEFDTFMQKTKRVYQDTRATHNLDKLNTELQDVTRVMTKNIEDLLHRGHSLDHMSDLSSNLRTESKKYRRAAQRINWEAMIRQYIPFIGVGLIGLFMLWWMLF,QYIPFIGVGLIGLFMLWWMLF,AMIR,,1.6999999999999997,1.5759999999999998,-0.15062238095238095,-0.1699736,3.1416192081839793,3.353269689515108,
RecName: Full=Integral membrane protein sed5;,O13644,289,308,19,MSFQDRTAEFQACVTKTRSRLRTTTANQAVGGPDQTKHQKSEFTRIAQKIANQINQTGEKLQKLSQLAKRKTLFDDRPVEIQELTFQIKQSLSSLNSDIASLQQVVKGNRNKPAQMNQHSENVVVSLQNSLANTSMTFKDILEIRTQNMKASQNRTEKFVASSSMNANPLINSGNSISPFADYNDPKPEANEDYLSLNLGDGANTRYEQMALLESQTDTYSQQRMSSIQNIESTITELGGIFSQLAQMVSEQRETVQRIDMHTDDIVSNIGSAQREIVKFYERMSSNRALLFKIFGIVIIFFLLWVLVT,ALLFKIFGIVIIFFLLWVLV,SSNR,T,2.87,1.8839999999999997,-0.2805605000000001,-0.2105308,2.7037016960573483,3.269275070710713,
RecName: Full=Protein transport protein SFT1; AltName: Full=P14;,P43682,75,94,19,MSNSRYSQTESNNDRKLEGLANKLATFRNINQEIGDRAVSDSSVINQMTDSLGSMFTDIKNSSSRLTRSLKAGNSIWRMVGLALLIFFILYTLFKLF,SIWRMVGLALLIFFILYTLF,KAGN,KLF,2.01,1.3666666666666667,-0.2274595,-0.18189962962962963,3.265957320949175,3.4858259278490102,
RecName: Full=Protein transport protein SEC22;,Q74ZD2,193,213,20,MIKSTLIFRDDGLPLCSSVDDDTDPSLADQKKKVKVLISRFTPQSANEATLESGAYEMHYVRQQSVVYIVIVERGYPRNLAFAYLADVRHEFEHSYGNEYVKPSVRPYAFVSFDNFLQKTKKIYNDKRVQGNLDQLNSDLLGVKQIMTKNIEDLLYRGDSLDRMSDLSASLRQDSKKYRRSAQKINFDLLLSQYAPVALIGLFFLFLVWWLVFR,QYAPVALIGLFFLFLVWWLVF,LLLS,R,2.0142857142857142,1.8615384615384616,-0.2186757142857143,-0.21691115384615386,3.041625614369223,3.132944044980959,
RecName: Full=Protein CASP;,Q8IA98,575,595,20,MEIVSRAWESVDWDRIQTRVEAEVTALGQRQDDSEIRKTRLVEESNAYRGRTNKDSRKVAIPLIKAFQSEFDGLLARSTAAENALIDICKSIVSLPDPKSLLKGAEAWKNDAEKTQKAVEEREELKRQLIKVNNELEDLRGKDVKVRKLKDKLAKLESEQDIFIENAVNEVEKKAEQELNDRLTELIAEKEKMKEQNEILEKNMDSLESKNKDIQRKLEIAKQTVEQKDGLENEQLSIAMKDLADAKHKIVFLEERVSQLENEAEKVNESKKAGNIEDIAALGSVLVQKDDVIQQLTNDIKRHEASHVEELAKWKLAVSAVEKKNKTLIGELNELKNQLESRNDYEAIKNELRLLREIEFGDSAEANAESIERLGETVETLDRLLAEKNRRLQNENASLRVANDGFKGRNEEQEAELTVLKEKSERNDRLIAQLEADLASAVQDIGIPERMGTNEMLKDAPAPTISDASLVPILTSQRNRLHERVTSLEEAISLEKTKQLSVQNEIERVREENIRLCERIRFLQSPGGQQQANVEAGLGNDFRNGNRNKKVSLHDKTTLNMGRAILATPKSRTVFFSYLLILHALIMLVLYKFAFDQSVVRDAETECEYKFHQHMLDNHKQ,FFSYLLILHALIMLVLYKFAF,SRTV,DQSVV,2.009523809523809,1.3666666666666667,-0.25156904761904764,-0.20944966666666667,2.9870900416203345,3.4980685120588384,
RecName: Full=Protein transport protein BOS1;,Q6BZQ6,206,226,20,MNAIHNHLVKQNASLKKDLSEFSANPAGAPMSLQGQISATMTSFSRTLDDYSEIINKEHNKEKKEKAEARLARFREELADARSEFKNLRSAREEKTLEENKTALFGDNPYGESRNRNVNRDVPIQPTYTDLTREEGMQREQSSLNQVGQQLDSFIEQGMAALGDLQEQSDILRSTGKKMRSVAETLGLSRETIKMVEKRARQDKRFFYGGIVFMLVCFYYILKWFS,FFYGGIVFMLVCFYYILKWFS,QDKR,,1.576190476190476,0.7080000000000001,-0.17229809523809522,-0.1541996,3.232101804845413,3.5892750707107126,
RecName: Full=Protein CASP;,O59795,602,622,20,MAVASEALLQKLTESWKNSRFEELQREADEAAAEIEKMQKTSLDERKELSSKTKEFRKQPDEVKLGEMKGLLKLYQSGIDSLTKRAKSAEATFFRVYETLGEVPDPYPLLIEAANNLKTQKQIEDLKKEKEEMEGSLQGKEKLEREVENLRKELDKYKDLVETEAEKRAAITKEECEKSWLEQQKLYKDMEQENASTIQKLTSKIRELQASQLDHDLQASQNESAGLDVNAKSAEVNAILSELDDANKIIVELQAEIAVLKQNTKEQKSGSSQDDLSNQQKQQLDFMDSLNKKLSTELESIKEASRKEMETHCATIQTLENEVKEARKVKEESLTLANKFSDYDEIKRELSVLKQIEFSGEHATHENTSLESQLLKREKQLSEELAKLRSTNAQLTDRITQESKKASFLEQKASEQEEVIRKLEKDLADVDVEGSVYLSNTTYRREGTSGQLSPTSSIMGGNPSLFNGSVLSRNSVNETGSAIVDVIKQQRDRFRRANVTLVNQVSAANDKIALLESKLEEVEKSNTLLYEQMRFRDHYQKHVEPSSSHLQTAAAYENSISPFASFRKKEAERAYSRMGSFERIVYALLRTLLFSRATRGLFFMYLILLHLFIMIVLLKLGIAGNTAYTPMNY,FFMYLILLHLFIMIVLLKLGI,TRGL,AGNTA,2.4857142857142853,1.6466666666666663,-0.2592738095238096,-0.17894133333333334,2.7539187581803457,3.3232314287976212,
RecName: Full=Protein CASP;,P34237,615,635,20,MDTSVYSHALDIWAKADLTNLQRELDADVIEIKDKETLSLNSRKSLATETKKFKKLEPEEKLNNVNKIIKQYQREIDNLTQRSKFSEKVLFDVYEKLSEAPDPQPLLQSSLEKLGKIDDSKELKEKISYLEDKLAKYADYETLKSRLLDLEQSSAKTLAKRLTAKTQEINSTWEEKGRNWKEREADLLKQLTNVQEQNKALEAKISKNIDIEGNGNEDGDQENNQKEVSTRIAEYNLVTQELETTQARIYQLEKRNEELSGALAKATSEAEKETELHAKELKLNQLESENALLSASYEQERKSTSHAINELKEQLNSVVAESESYKSELETVRRKLNNYSDYNKIKEELSALKKIEFGVNEDDSDNDIRSEDKNDNTFESSLLSANKKLQATLAEYRSKSTAQEEERNELKKSVDQLKQQIATLKEANEKLETDLEKVENVSPHFNETASMMSGVTRQMNNRTSHKMSPTSSIIGIPEDGELSGNQSTILPIVTKQRDRFRSRNMDLEKQLRQGNSEKGKLKLEISKLKGDNTKLYERIRYLQSYNNNNAPVNQSTERIDVESQYSRVYDESLHPMANFRQNELNHYKNKKLSALEKLFSSFAKVILQNKMTRMVFLFYCIGLHGLVFMMSMYVINISGYMTPEVGIVQSAKSSSNLNGGLGGAEKVAAGVGSVHGINR,VFLFYCIGLHGLVFMMSMYVI,MTRM,NISGY,2.00952380952381,1.3099999999999998,-0.1806319047619048,-0.14121766666666666,3.200910279509528,3.502258412694598,
RecName: Full=Calcium-binding protein 7; Short=CaBP7; AltName: Full=Calneuron II; AltName: Full=Calneuron-2;,Q866X0,189,209,20,MPFHPVTAALMYRGIYTVPNLLSEQRPVDIPEDELEEIREAFKVFDRDGNGFISKQELGTAMRSLGYMPNEVELEVIIQRLDMDGDGQVDFEEFVTLLGPKLSTSGIPEKFHGTDFDTVFWKCDMQKLTVDELKRLLYDTFCEHLSMKDIENIIMTEEESHLGTAEECPVDVETCSNQQIRQTCVRKSLICAFAIAFIISVMLIAANQVLRSGMK,LICAFAIAFIISVMLIAANQV,VRKS,LRSGM,2.3666666666666667,1.4900000000000004,-0.25591523809523814,-0.20195033333333337,3.000923091880016,3.457425813763051,
RecName: Full=Calcium-binding protein 8; Short=CaBP8; AltName: Full=Calneuron I; AltName: Full=Calneuron-1;,Q06BI3,193,213,20,MPFHHVTAGLLYKGNYLNRSLSAGSDSEQLANISVEELDEIREAFRVLDRDGNGFISKQELGMAMRSLGYMPSEVELAIIMQRLDMDGDGQVDFDEFMTILGPKLVSSEGRDGFLGNTIDSIFWQFDMQRVTLEELKHILYHAFRDHLTMKDIENIIINEEESLNETSGNCQTEFEGVHSQKQNRQTCVRKSLICAFAMAFIISVMLIAANQILRSGME,LICAFAMAFIISVMLIAANQI,VRKS,LRSGM,2.2571428571428567,1.4133333333333338,-0.2482828571428572,-0.19660766666666668,3.000923091880016,3.457425813763051,
RecName: Full=Protein CASP;,Q9LS42,644,661,17,MEVSQDGSERDKTPPPSSSSSSSSPIPVVTNFWKEFDLEKEKSLLDEQGLRIAENQENSQKNRRKLAESTRDFKKASPENKLSMFNSLLKGYQEEVDNITKRAKFGENAFLNIYQKLYEAPDPFPALASIAEQDRKLSEVESENRKMKVELEEFRTEATHLKNQQATIRRLEERNRQLEQQMEEKIKEVVEIKQRNLAEENQKTMELLKDREQALQDQLRQAKDSVSTMQKLHELAQNQLFELRAQSDEETAGKQSEVSLLMDEVERAQTRLLTLEREKGHLRSQLQTANEDTDNKKSDNIDSNSMLENSLTAKEKIISELNMEIHNVETALANERESHVAEIKKLNSLLNKKDTIIEEMKKELQERPSAKLVDDLRKKVKILQAVGYNSIEAEDWDAATTGEEMSKMESLLLDKNRKMEHEVTQLKVQLSEKASLLEKAEAKGEELTAKVNEQQRLIQKLEDDILKGYGSKERKGALFDEWEFSEAGVAEQSEPMDQKHVPSEQDQSSMLKVICSQRDRFRARLRETEEEIRRLKEKIGFLTDELEKTKADNVKLYGKIRYVQDYNHDKVVSRGSKKYVEDLESGFSSDVESKYKKIYEDDINPFAAFSKKEREQRIKDLGIRDRITLSSGRFLLGNKYARTFAFFYTIGLHVLVFTCLYRMSAYSYLSHGAEETLMTEATTNLPHGL,FAFFYTIGLHVLVFTCLY,YART,RMSAY,1.7888888888888888,0.9111111111111112,-0.18625611111111112,-0.17474185185185184,3.1279868068776753,3.48582592784901,
RecName: Full=Protein transport protein BOS1;,Q6BVM4,208,228,20,MNSLYNHGIKQTQLITKDLSSFEKSLSTSPLSLQGSITTSLTAFKKTIREYNDLVAQNKKDESNAKHEARLAKFNQDLQDFTSKFDSLKKQRDQALQETNKQELLGRRHTTQRQQYGENPYDTGPTQQQQQQQMSYQEGLYKEKTSLARGTQQLDHILDMGQQAFEDIVEQNETLRRLQSKFEDGLVTLGVSQGTIRTIEKRAKQDKWLFWAAFVFTLVCFWYILKIFR,WLFWAAFVFTLVCFWYILKIF,KQDK,R,1.919047619047619,0.8076923076923077,-0.25359857142857145,-0.21778423076923079,3.100916685694772,3.4745049881054295,
RecName: Full=Vesicle-associated membrane protein 5; Short=VAMP-5;,Q2KHY2,73,93,20,MAGKELERCQRQADEVTEIMLNNFDKVLERDGKLAELEQRSDQLLDMSSAFSKTTKTLAQKKRWENARCRIYMGLAVGIALLILLIVLLVIFLPQSSKGSSAPQVQDAGPASGPGE,MGLAVGIALLILLIVLLVIFL,CRIY,PQSSK,3.261904761904762,1.9699999999999998,-0.26947761904761913,-0.19767366666666672,2.4516084941043093,3.361406329721843,
RecName: Full=Vesicle-associated membrane protein 7; Short=VAMP-7; AltName: Full=Synaptobrevin-like protein 1;,Q5RF94,189,209,20,MAILFAVVARGTTILAKHAWCGGNFLEVTEQILAKIPSENNKLTYPHGNYLFHYICQDRIVYLCITDDDFERSRAFNFLNEIKKRFQTTYGSRAQTALPYAMNSEFSSVLAAQLKHHSENKGLDKVMETQAQVDELKGIMVRNIDLVAQRGERLELLIDKTENLVDSSVTFKTTSRNLARAMCMKNLKLTIIIIIVSIVFIYIIVSPLCGGFTWPSCVKK,LTIIIIIVSIVFIYIIVSPLC,KNLK,GGFTW,2.8952380952380956,1.79,-0.24932523809523813,-0.17125533333333331,2.6168787315814135,3.30558726169826,
RecName: Full=Vesicle-associated membrane protein 7B;,Q86AQ7,190,210,20,MPIIYSLVARGSSVLAEFTSTNGNFVTITRRILDLIPPNDTKMSYVYEKYIFHYLVSDTLTYLCMADEEFGRRIPFTFLDDVKNRFKSMYGDKGKTAIAYGMNSDFSRTLENLMDHYSNTTRVDTMSRTMAEIDEVKNILVSDIAPQLLKRGEKIEMLVERTDTLNQQSFKFKKQSKQLKCAMWWKNVKLMLVLGAIVLIIIFIIVMSYCDGFRSGSKCRSSPSSNSTPTPTPTETPTPTPTPTSTPTPSQLLETLLNQF,LMLVLGAIVLIIIFIIVMSYC,KNVK,DGFRS,3.00952380952381,1.656666666666667,-0.2680552380952382,-0.18613500000000002,2.951143017707788,3.523231428797621,
RecName: Full=Vesicle-associated membrane protein 5; Short=VAMP-5; AltName: Full=Myobrevin;,Q9Z2J5,73,93,20,MAGKELERCQRQADQVTEIMLNNFDKVLERDGKLSELQQRSDQLLDMSSAFSKTTKTLAQQKRWENIRCRVYLGLAVAGGLLLILVVLLVIFLPSGEDSSKP,LGLAVAGGLLLILVVLLVIFL,CRVY,PSGED,3.1047619047619044,1.8766666666666665,-0.23235857142857147,-0.15045300000000003,2.2359263506290326,3.1689250793612644,
RecName: Full=Syntaxin-41; Short=AtSYP41; Short=AtTLG2a;,O65359,302,322,20,MATRNRTLLFRKYRNSLRSVRAPLSSSSLTGTRSGGVGPVIEMASTSLLNPNRSYAPISTEDPGTSSKGAITVGLPPAWVDVSEEISVNIQRARTKMAELGKAHAKALMPSFGDGKEDQHNIESLTQEITFLLKKSEKQLQRLSASGPSEDSNVRKNVQRSLATDLQLLSMELRKKQSTYLKRLRQQKEDGMDLEMNLSRNRYRPEEDDFGDMLNEHQMSKIKKSEEVSVEREKEIQQVVESVNDLAQIMKDLSALVIDQGTIVDRIDYNIENVATTVEDGLKQLQKAERTQRHGGMVKCASVLVILCFIMLLLLILKEIFL,SVLVILCFIMLLLLILKEIFL,VKCA,,2.7904761904761903,2.528,-0.2866119047619048,-0.2712724,2.6780317084930454,2.9336606896881854,
RecName: Full=Syntaxin-51; Short=AtSYP51;,Q9SA23,209,229,20,MASSSDSWMRAYNEALKLSEEINGMISERSSSAVTGPDAQRRASAIRRKITIFGNKLDSLQSLLAEIHGKPISEKEMNRRKDMVGNLRSKANQMANALNMSNFANRDSLLGPDIKPDDSMSRVTGMDNQGIVGYQRQVMREQDEGLEQLEGTVMSTKHIALAVSEELDLQTRLIDDLDYHVDVTDSRLRRVQKSLAVMNKNMRSGCSCMSMLLSVLGIVGLAVVIWMLVKYM,MSMLLSVLGIVGLAVVIWMLV,GCSC,KYM,2.5333333333333337,1.917857142857143,-0.21406809523809528,-0.16011142857142863,2.7744998774912792,3.2098886380147276,
RecName: Full=t-SNARE affecting a late Golgi compartment protein 1; AltName: Full=Syntaxin tlg1;,Q9HGN3,205,225,20,MEDPFYEVKADASNQMEQVRKLYNSFMAARNSGVLSPNTELTYAIDELSETLKDLKAAVEIAMKNSEHFGLDEEELKSRRRFVSELDIELNNIQLKMGAAPSTPVSTEPYTVDNGASAGLSEEDHAVNRQYQEQLYQQQDVMLDGVYDTIGNIRGQAALMGEELGQQADLLDTLDNSIETTNSKLRRGMKRLKDFTIASADSKSGCCITVLIIILIALLVLVIVL,GCCITVLIIILIALLVLVIVL,DSKS,,3.4428571428571426,2.532,-0.28359380952380964,-0.22168680000000002,2.4390055176047665,2.9230741894285694,
RecName: Full=t-SNARE affecting a late Golgi compartment protein 2; AltName: Full=Syntaxin tlg2;,Q9P6P1,280,300,20,MAYRDRTGLYITFRQSYSHHGQRLELSGWDPKEERQSLVHKDNKDNTVIEMDMLAPRWVTVEGEIDSLLLNTRRNINLLDKQYAKHVLPSFSDKTEQENEIQRLTIQITQDFQRCQKLLQVTKAQTNSATGSEALMAKNFLSNLASRIQTESAQFRKKQSTYLKKLRGLNANISPVESKLDETVSDVAISQSTIQQVALMEEQGEDEQAIRHERAVAKIAEGIIELAQMFQDLQVLVIEQGALVDRIDFNIEQTQVHAKSAEKELIKAESHQKNTGRLRFICFLILLIVALIVILAIKLLR,FICFLILLIVALIVILAIKLL,GRLR,R,3.3238095238095235,2.2961538461538464,-0.3219414285714286,-0.27674,2.4322574485535142,2.767183467891461,
RecName: Full=Syntaxin-42; Short=AtSYP42; Short=AtTLG2b;,Q9SWH4,303,323,20,MATRNRTTVYRKHRDACKSARAPLSLSASDSFGGPVIEMVSGSFSRSNHSSYAPLNSYDPGPSSSDAFTIGMPPAWVDDSEEITFNIQKVRDKMNELAKAHSKALMPTFGDNKGIHREVEMLTHEITDLLRKSEKRLQMLSTRGPSEESNLRKNVQRSLATDLQNLSMELRRKQSTYLKRLQQQKEGQDEVDLEFNVNGKMSRLDEEDELGGMGFDEHQTIKLKEGQHVSAEREREIQQVLGSVNDLAQIMKDLSALVIDQGTIVDRIDYNVQNVSTSVEEGYKQLQKAERTQREGAMVKCATILLVLCLIMIVLLILKNILF,TILLVLCLIMIVLLILKNILF,VKCA,,2.876190476190476,2.6,-0.28166380952380954,-0.267116,2.601382162091293,2.869275070710713,
RecName: Full=Syntaxin-31; Short=AtSED5; Short=AtSYP31;,Q9FFK1,315,335,20,MGSTFRDRTVELHSLSQTLKKIGAIPSVHQDEDDPASSKRSSPGSEFNKKASRIGLGIKETSQKITRLAKLAKQSTIFNDRTVEIQELTVLIRNDITGLNMALSDLQTLQNMELADGNYSQDQVGHYTAVCDDLKTRLMGATKQLQDVLTTRSENMKAHENRKQLFSTKNAVDSPPQNNAKSVPEPPPWSSSSNPFGNLQQPLLPPLNTGAPPGSQLRRRSAIENAPSQQMEMSLLQQTVPKQENYSQSRAVALHSVESRITELSGIFPQLATMVTQQGELAIRIDDNMDESLVNVEGARSALLQHLTRISSNRWLMMKIFAVIILFLIVFLFFVA,WLMMKIFAVIILFLIVFLFFV,SSNR,A,2.8857142857142852,2.030769230769231,-0.3039942857142858,-0.24255230769230768,2.7559113286549373,3.224880949810312,
RecName: Full=Syntaxin-61; Short=AtSYP61; AltName: Full=Osmotic stress-sensitive mutant 1;,Q946Y7,225,245,20,MSSAQDPFYIVKEEIQDSIDKLQSTFHKWERISPDMGDQAHVAKELVATCGSIEWQVDELEKAITVAAKDPSWYGIDEAELEKRRRWTSNARTQVRNVKSGVLAGKVSSGAGHASEVRRELMRMPNSGEASRYDQYGGRDDDGFVQSESDRQMLLIKQQDEELDELSKSVQRIGGVGLTIHDELVAQERIIDELDTEMDSTKNRLEFVQKKVGMVMKKAGAKGQMMMICFLLVLFIILFVLVFLT,MMMICFLLVLFIILFVLVFLT,AKGQ,,3.2190476190476187,2.464,-0.2875757142857143,-0.2462068,2.5935346841684104,3.13287868934203,
RecName: Full=Syntaxin-32; Short=AtSYP32;,Q9LK09,326,346,20,MSARHGQSSYRDRSDEFFKIVETLRRSIAPAPAANNVPYGNNRNDGARREDLINKSEFNKRASHIGLAINQTSQKLSKLAKLAKRTSVFDDPTQEIQELTVVIKQEISALNSALVDLQLFRSSQNDEGNNSRDRDKSTHSATVVDDLKYRLMDTTKEFKDVLTMRTENMKVHESRRQLFSSNASKESTNPFVRQRPLAAKAAASESVPLPWANGSSSSSSQLVPWKPGEGESSPLLQQSQQQQQQQQQQMVPLQDTYMQGRAEALHTVESTIHELSSIFTQLATMVSQQGEIAIRIDQNMEDTLANVEGAQSQLARYLNSISSNRWLMMKIFFVLIAFLMIFLFFVA,WLMMKIFFVLIAFLMIFLFFV,SSNR,A,2.695238095238095,1.876923076923077,-0.28699666666666673,-0.22882346153846156,2.724719803319052,3.199687794731328,
RecName: Full=Syntaxin-52; Short=AtSYP52;,Q94KK7,210,230,20,MASSSDPWMREYNEALKLSEDINGMMSERNASGLTGPDAQRRASAIRRKITILGTRLDSLQSLLVKVPGKQHVSEKEMNRRKDMVGNLRSKTNQVASALNMSNFANRDSLFGTDLKPDDAINRVSGMDNQGIVVFQRQVMREQDEGLEKLEETVMSTKHIALAVNEELTLQTRLIDDLDYDVDITDSRLRRVQKSLALMNKSMKSGCSCMSMLLSVLGIVGLALVIWLLVKYL,MSMLLSVLGIVGLALVIWLLV,GCSC,KYL,2.6047619047619044,2.039285714285714,-0.2171052380952381,-0.16639035714285716,2.6946276868547967,3.110577243331642,
RecName: Full=Protein transport protein sft1;,Q09730,69,86,17,MNDQNERRLETLSGQVSSLKNVTYDIYSRANDYTRIDRATESFSGLSNSVKKSTENFFRVVRSAGRRRIMTMVLAIVGSILIIYYASKWFF,IMTMVLAIVGSILIIYYA,GRRR,SKWFF,2.3,1.0185185185185186,-0.24246277777777778,-0.18935555555555553,2.969389419529156,3.556201280807903,
RecName: Full=Syntaxin-12;,Q5RBW6,249,269,20,MSYGPLDMYRNPGPSGPQLRDFSSIIQTCSGNIQRISQATAQIKNSMSQLGTKQDSSKLQENLQQLQHSTNQLAKETNELLKELGSLPLPLSTSEQRQQRLQKERLMNDFSAALNNFQAVQRRVSEKEKESIARARAGSRLSAEERQREEQLVSFDSHEEWNQMQSQDDEVAITEQDLELIKERETAIRQLEADILDVNQIFKDLAMMIHDQGDLIDSIEANVESSEVHVERATEQLQRAAYYQKKSRKKMCILVLVLSVIIVILGLIIWLVYKTK,KKMCILVLVLSVIIVILGLII,KKSR,WLVYK,2.7714285714285714,1.5666666666666669,-0.2682347619047619,-0.23806366666666667,2.624726209504296,3.0322628970242684,
RecName: Full=Syntaxin-16;,Q8BVI5,303,323,20,MATRRLTDAFLLLRNNSIQTRQLLAEQVSSHTTSSPLHSRSIAAELDELADDRMALVSGISLDPEAAIGVTKRSPPKWVDGVDEIQYDVGRIKQKMKELASLHDKHLNRPTLDDSSEEEHAIEITTQEVTQLFHRCQRAVQALPSRARRACSEQEERLLRNVVASLAQALQELSTSFRHAQSDYLKRMKNREERSQHFFDTPVPLMDDGDDATLYGQGFTDDQLVLVEQNTLMVEEREREIRQIVQSISDLNEIFRDLGAMIVEQGTVLDRIDYNVEQSCVKTEDGLKQLHKAEQYQKKNRKMLVIVILVAVIIVLLVALVAVKSR,MLVIVILVAVIIVLLVALVAV,KNRK,KSR,3.7095238095238097,1.8892857142857142,-0.356122380952381,-0.2771160714285714,2.0892446619882707,2.838804369244613,
RecName: Full=Vesicle-associated membrane protein 714 {ECO:0000303|PubMed:11115874}; Short=AtVAMP714 {ECO:0000303|PubMed:11115874};,Q9FMR5,191,211,20,MAIVYAVVARGTVVLAEFSAVTGNTGAVVRRILEKLSPEISDERLCFSQDRYIFHILRSDGLTFLCMANDTFGRRVPFSYLEEIHMRFMKNYGKVAHNAPAYAMNDEFSRVLHQQMEFFSSNPSVDTLNRVRGEVSEIRSVMVENIEKIMERGDRIELLVDKTATMQDSSFHFRKQSKRLRRALWMKNAKLLVLLTCLIVFLLYIIIASFCGGITLPSCRS,LLVLLTCLIVFLLYIIIASFC,KNAK,GGITL,2.9809523809523806,1.9966666666666661,-0.2678838095238096,-0.19140733333333332,2.789865782092892,3.2532359131272917,
