Name and description, ID, tmh start location, tmh end location, tmh length, full protein sequence, tmh sequence, N flank sequence, C flank sequence
RecName: Full=Disulfide bond formation protein B {ECO:0000256|HAMAP-Rule:MF_00286}; AltName: Full=Disulfide oxidoreductase {ECO:0000256|HAMAP-Rule:MF_00286};,A0A0V2F2A1,129,150,21,MAFTALALEMVALWFQHVMLLKPCVLCIYERCALFGVMGAGLVGAIAPKTPLRYVAMVIWIYSAWRGLQLAYEHTMIQLHPSPFMTCDFMARFPDWLPLGKWLPQVFVASGDCAEPASGRFLTLEMPQWLLGIFAAYLVVAIAVVIAQAFKPKKRDLFGR,WLLGIFAAYLVVAIAVVIAQAF,LEMPQ,KPKKR,
RecName: Full=Protein ROOT HAIR DEFECTIVE 3 homolog {ECO:0000256|HAMAP-Rule:MF_03109}; EC=3.6.5.- {ECO:0000256|HAMAP-Rule:MF_03109}; AltName: Full=Protein SEY1 homolog {ECO:0000256|HAMAP-Rule:MF_03109};,A0A067FP58,684,705,21,MAKGEECCSTQLIDGDGTFNVSGIEHFIKEVKLSDCGLSYAVVSIMGPQSSGKSTLLNHLFGTNFREMDAFKGRSQTTKGIWMARCAGIEPCTLIMDLEGTDGRERGEDDTAFEKQSALFALAVSDIVLINMWCHDIGREQAANKPLLKTVFQVMMRLFSPRKTTLMFVIRDKTRTPLENLEPVLREDIQKIWDSVPKPQAHMETPLSEFFNVEVVALSSFEEKEELFKEQVASLRQRFYHSVAPGGLAGDRRGVVPASGFSFSAHEIWKVIKENKDLDLPAHKVMVATVRCEEIANEKYSSFAANEEWCELEAAVQSGPISSFGKKLSSILETCLSGYDGEVLYFDEGVRSAKRKQLEDKLLQLVQPAFQSMLGHIRSGTLDKFKDAFDKALSGGEGFSSAAHHCSKFYMNLFDEACADAVIEQANWDMSKARDKFQRDIDAHIASVRAAKLGELTAIFEAKLNESLSGPVEALLDGANNETWPAIRKLLRCETESAISGFSDALYGFDMDEETKEKMLASLENYAKGVVEAKAREESGRVLMRMKDRFTSLFSHDSDSMPRVWTGKEDIRGITKLARSASLKLLSVMAAIRLDDETDNIESTLTLALVDSPSNAATNRSITNHDPLASSTWEQVPSSKTLITPVQCKSLWRQFKSETEYSVTQAISAQEANKRNNNWLPPPWAIAAMMVLGFNEFMTLLRYFIFLVRIEI,WAIAAMMVLGFNEFMTLLRYFI,WLPPP,FLVRI,
RecName: Full=Disulfide bond formation protein B {ECO:0000256|HAMAP-Rule:MF_00286}; AltName: Full=Disulfide oxidoreductase {ECO:0000256|HAMAP-Rule:MF_00286};,J6IIT9,128,149,21,MALTAFVLELVALWFQHVMLLQPCVLCIYERCALFGIMGAGIVGAIAPKSPLRYVAIIIWLYSALRGLQLSWEHTMIQLHPSPFQTCDFAARFPTWLPLDKWLPQVFVATGDCSVRQWEFLTLEMPQWLVGIFAAYLVVGVLVLIAQPFKPKKRDLFGR,WLVGIFAAYLVVGVLVLIAQPF,LEMPQ,KPKKR,
RecName: Full=Holin {ECO:0000256|HAMAP-Rule:MF_04108};,A0ZXG6,37,59,22,MLSLDFNNEVVKAAPIVGTGVADGAARLFFGLSLNEWFYVAAIAYTVAQIGAKVVDVIIKWKKEGRDV,WFYVAAIAYTVAQIGAKVVDVII,LSLNE,KWKKE,
RecName: Full=Holin {ECO:0000256|HAMAP-Rule:MF_04108};,B6Z9I2,37,59,22,MLSLDFNNEVVKAAPIVGTGVADGAARLFFGLSLNEWFYVAAIAYTVAQIGAKVVDVIIKWKKEGKDV,WFYVAAIAYTVAQIGAKVVDVII,LSLNE,KWKKE,
RecName: Full=Holin {ECO:0000256|HAMAP-Rule:MF_04108};,A0A0S2MVQ6,39,57,18,MATSIEVDFTNGVVRAAPIAAGAGAEVASQVAGMTLSDWFYAAVIVYTIVQTIVLVFKTVMDEKRKNKGGPT,WFYAAVIVYTIVQTIVLVF,MTLSD,KTVMD,
RecName: Full=Holin {ECO:0000256|HAMAP-Rule:MF_04108};,A0A2H1UJG0,37,59,22,MLSLDFNNEILKAAPIAGVAGADGVARMFYGMTINEWFYVAAILYTVVQIGAKVVDVIIKWKKEGKDG,WFYVAAILYTVVQIGAKVVDVII,MTINE,KWKKE,
RecName: Full=Holin {ECO:0000256|HAMAP-Rule:MF_04108};,U5NZX7,37,59,22,MLSLDFNNEVVKAAPIVGTGVADGAARLFFGLSLNEWFYVAAIAYTVAQIGAKVVDVIIKWKKEGKDV,WFYVAAIAYTVAQIGAKVVDVII,LSLNE,KWKKE,
RecName: Full=Holin {ECO:0000256|HAMAP-Rule:MF_04108};,A0A172JG27,37,55,18,MLSFDFNNEVVKAAPIVGTGVADGAARLFWGLSLNEWFYVAAIAYTVVQIGAKVVDKMIDWKRANKE,WFYVAAIAYTVVQIGAKVV,LSLNE,DKMID,
RecName: Full=Holin {ECO:0000256|HAMAP-Rule:MF_04108};,D0Q1C5,37,55,18,MSLEVQFGDTVIRSVPVVGAAGVDVVTRIFGLTLSDWFYVAAIGYTVVQAWAVLYKTLKRKEDK,WFYVAAIGYTVVQAWAVLY,LTLSD,KTLKR,
RecName: Full=Holin {ECO:0000256|HAMAP-Rule:MF_04108};,A0A172JGK6,37,55,18,MIEFDFKNEVLKASPIVGTAAADGASRFFFGLTLNEWFYVAAIAYTVVQIGVLIYKTIKSGGKT,WFYVAAIAYTVVQIGVLIY,LTLNE,KTIKS,
RecName: Full=Holin {ECO:0000256|HAMAP-Rule:MF_04108};,A0A219YHC3,37,55,18,MLSLDFNNEVIKAAPIAGVAGADGVARLFWGLSLNEWFYVAAIAYTVVQIGAKVVDKIIDWKKANKE,WFYVAAIAYTVVQIGAKVV,LSLNE,DKIID,
RecName: Full=Holin {ECO:0000256|HAMAP-Rule:MF_04108};,B3FYL7,37,55,18,MLSLDFNNEAIKAAPIAGVAGADGVARLFWGLSLNEWFYVAAIAYTVVQIGAKVVDKIIDWKKANKE,WFYVAAIAYTVVQIGAKVV,LSLNE,DKIID,
RecName: Full=Holin {ECO:0000256|HAMAP-Rule:MF_04108};,W6PUL8,37,55,18,MLELDFKNEVLKASPIVGTAAADGASRFFFGLTLNEWFYVAAIAYTVVQIGVLVYKTIKGGGKS,WFYVAAIAYTVVQIGVLVY,LTLNE,KTIKG,
RecName: Full=Holin {ECO:0000256|HAMAP-Rule:MF_04108};,A0A088FA53,37,55,18,MLSFDFNNEVVKAAPIVGTGVADGAARLFWGLSLNEWFYVAAIAYTVVQIGAKVADKIIDWKRANKE,WFYVAAIAYTVVQIGAKVA,LSLNE,DKIID,
RecName: Full=Holin {ECO:0000256|HAMAP-Rule:MF_04108};,A0A172JGB8,37,55,18,MIELDFKNEVLKASPIVGTAAADGASRFFFGLTLNEWFYVAAIAYTVVQIGVLVYKTIKGGGKT,WFYVAAIAYTVVQIGVLVY,LTLNE,KTIKG,
RecName: Full=Holin {ECO:0000256|HAMAP-Rule:MF_04108};,A0A2H1X941,37,59,22,MLSLDFNNEIVKAAPIAGAAGVDGVARMFFGMTLNEWFYTAAILYTVVQIGAKVVDVIIKWKKEGKDG,WFYTAAILYTVVQIGAKVVDVII,MTLNE,KWKKE,
RecName: Full=Holin {ECO:0000256|HAMAP-Rule:MF_04108};,A0A060D5M1,37,55,18,MIELDFKNEVLKASPIVGTAAADGASRFFFGLTLNEWFYVAAIAYTVVQIGVLVYKTIKGGGKT,WFYVAAIAYTVVQIGVLVY,LTLNE,KTIKG,
RecName: Full=Holin {ECO:0000256|HAMAP-Rule:MF_04108};,A0A1Z1LW49,37,55,18,MIELDFKNEVLKASPIVGTAAADGASRFFFGLTLNEWFYVAAIAYTVVQIGVLVYKTIKGGGKT,WFYVAAIAYTVVQIGVLVY,LTLNE,KTIKG,
RecName: Full=Holin {ECO:0000256|HAMAP-Rule:MF_04108};,G0YQ84,37,55,18,MLNIDFNNEVLKAAPIAGAASADVVTRYFYGLSLNEWFYVAAIAYTVAQIGAKVVDTIVKYKQGTKDV,WFYVAAIAYTVAQIGAKVV,LSLNE,DTIVK,
RecName: Full=Holin {ECO:0000256|HAMAP-Rule:MF_04108};,A0A0G2T6A0,38,56,18,MAGLEIDFTNGVVRAAPIAAGAGAEVASQVAGMTLSDWFYAAIIFYTIVQTIVLVFKTVMDEKRKNKGDPP,WFYAAIIFYTIVQTIVLVF,MTLSD,KTVMD,
RecName: Full=Holin {ECO:0000256|HAMAP-Rule:MF_04108};,A0A0K2FGX9,37,55,18,MLSLDFNNEVVKAAPIVGTGVADGAARLFWGLSLNEWFYVAAIAYTVAQIGAKVVQTIIDWKKSNKEG,WFYVAAIAYTVAQIGAKVV,LSLNE,QTIID,
RecName: Full=Holin {ECO:0000256|HAMAP-Rule:MF_04108};,A0A1C9M212,37,55,18,MIELDFKNEVLKASPIVGTAAADGASRFFFGLTLNEWFYVAAIAYTVVQIGVLVYKTIKGGGKT,WFYVAAIAYTVVQIGVLVY,LTLNE,KTIKG,
RecName: Full=Holin {ECO:0000256|HAMAP-Rule:MF_04108};,A0A2D0PD52,37,59,22,MLSLDFNNEIVKAAPIAGAAGVDGVARMFFGMTLNEWFYTAAILYTVVQIGAKVVDVIIKWKKEGKDG,WFYTAAILYTVVQIGAKVVDVII,MTLNE,KWKKE,
RecName: Full=Holin {ECO:0000256|HAMAP-Rule:MF_04108};,A0A1J0MF32,37,59,22,MLSLDFNNEIVKAAPIAGVAGADGVARLFWGLSLNEWFYVAAIAYTVAQIGAKVVDVIIKWKKET,WFYVAAIAYTVAQIGAKVVDVII,LSLNE,KWKKE,
RecName: Full=Holin {ECO:0000256|HAMAP-Rule:MF_04108};,A0A2D0PEQ5,37,59,22,MLSLDFNNEIVKAAPIAGAAGVDGVARMFFGMTLNEWFYTAAILYTVVQIGAKVVDVIIKWKKEGKDG,WFYTAAILYTVVQIGAKVVDVII,MTLNE,KWKKE,
RecName: Full=Holin {ECO:0000256|HAMAP-Rule:MF_04108};,F8R4T8,37,55,18,MLSLDFNNEVIKAAPIAGVAGADGVARLFWGLSLNEWFYVAAIAYTVVQIGAKVVDKIIDWKKANKE,WFYVAAIAYTVVQIGAKVV,LSLNE,DKIID,
RecName: Full=Holin {ECO:0000256|HAMAP-Rule:MF_04108};,B3VCX1,37,55,18,MIELDFKNEVLKASPIVGTAAADGASRFFFGLTLNEWFYVAAIAYTVVQIGVLVYKTIKGGGKT,WFYVAAIAYTVVQIGVLVY,LTLNE,KTIKG,
RecName: Full=Holin {ECO:0000256|HAMAP-Rule:MF_04108};,D1L2X2,37,55,18,MLSLDFNNEVIKAAPIAGVAGADGVARLFWGLSLNEWFYVAAIAYTVVQIGAKVVDKIIDWKKANKE,WFYVAAIAYTVVQIGAKVV,LSLNE,DKIID,
RecName: Full=Holin {ECO:0000256|HAMAP-Rule:MF_04108};,A0A2D0PD62,37,59,22,MLSLDFNSEIVKAAPIAGAAGVDGVARMFFGMTLNEWFYTAAILYTVVQIGAKVVDVIIKWKKEGKDG,WFYTAAILYTVVQIGAKVVDVII,MTLNE,KWKKE,
RecName: Full=Holin {ECO:0000256|HAMAP-Rule:MF_04108};,A0A059VF28,38,56,18,MAGLEIDFTNGVVRAAPIAAGAGAEVASQVAGMSLSDWFYATIILYTIVQTFVLVFKTVMDEKRKNKGDPP,WFYATIILYTIVQTFVLVF,MSLSD,KTVMD,
RecName: Full=Protein ROOT HAIR DEFECTIVE 3 homolog {ECO:0000256|HAMAP-Rule:MF_03109}; EC=3.6.5.- {ECO:0000256|HAMAP-Rule:MF_03109}; AltName: Full=Protein SEY1 homolog {ECO:0000256|HAMAP-Rule:MF_03109};,K3YQD8,681,702,21,MGDPCFSTQLIDGDGVFNVSGLDNFMKEVKLGECGLSYAVVSIMGPQSSGKSTLLNHLFGTNFREMDAFKGRSQTTKGIWLAKAQNIEPCTLVMDLEGTDGRERGEDDTAFEKQSALFALAVSDIVLINMWCHDIGREQAANKPLLKTVFQVMMRLFSPRKTTLLFVIRDKSKTPLENLEPILREDIQKIWDAVPKPHAHKETPLSEFFNVEVVALSSYEEKEELFKEQVSQLRDRFQHSIAPGGLAGDRRGVVPASGFSFSSQQFWKVIKENKDLDLPAHKVMVATVRCEEIGNEKVASFTADEEWQQFEEAVQHDYVPGFGKKLSSLLDRCLSEYDMEAIYFDEGVRTSKRQQLESKLLQLVNPAYQSLLGHLRTRTLEVFKESFDKALTKEGFAVAARDCTQTFLEKFDKGSEDAAIQQVKWDPSKVKDKLKRDIESHVASVRAAKLSDLCAKYEAQLTKALAEPVEALLDSASEDTWPAIRKLLQRETKAAISGLESTLSAFELDEATEKELLTKLENHGRSVVESKAKEEAGRVLIRMKDRFSTLFSRDADSMPRVWTGKEDIKAITKTARSASMKLLATLAAIRLDEDGDNIENTLSLALVDTARPGTTDRSIQSFDPLASSSWERVPEEKTLISPVQCKSLWRQFKAETEYTVTQAIAAQEANKRNNNWLPPPWALAAMAILGFNEFMTLLKYFLLFAESYMNAD,WALAAMAILGFNEFMTLLKYFL,WLPPP,LFAES,
RecName: Full=Protein ROOT HAIR DEFECTIVE 3 homolog {ECO:0000256|HAMAP-Rule:MF_03109}; EC=3.6.5.- {ECO:0000256|HAMAP-Rule:MF_03109}; AltName: Full=Protein SEY1 homolog {ECO:0000256|HAMAP-Rule:MF_03109};,M5WZV0,706,725,19,MEEDCCATQLIYGDGQFNSSGLDRFVKEVKLAECGLSYAVVAIMGPQSSGKSTLLNHLFHTKFREMDAYSGRSQTTKGVWIAKCVGIEPCTIAMDLEGTDGRERGEDDTTFEKQSALFALAVSDIVLINMWCHDIGREQAANKPLLKTVFQVMMRLFSPRKTTLLFVIRDKTKTPFEYLEPVLREDIQKIWDGVPKPQAHKSTPFSDFFSVEVVALSSYEEKEEKFKEEVAQLRQRFFHSISPGGLAGDRRGVVPATGFSFSAQQIWKVIKENKDLDLPAHKVMVATVRCEEIANQKFNQLVYDEDWLALEEAVQTGPVQGFGKRLSSILGTYLSEYDMEAVYFDEGVRNSKRQLLESKALDFVYPAYTTMLGHLRSKALEDFKVRLEQSLNKGGEFASSVRTSTQSSMLEFDKGCADAAIQQADWDASRVREKLKRDIDAHASSVRSAKLSELNINYEKQLSASLSGPVEALLETGGKDTWTSIRKLLNRETEVAVSKFSAAVAGFELDKDTSTKMMQNLRDYARNVVEKKAREEAANIMIHMKDRFSTVFNYDSDSMPRVWTGKDDIRSITKDARSASLKLLSVMAAIRLEEKPDNIEKLLFSSLMDGTVTVSSSQDRRIAASTDPLASSTWEEVSSKDTLITPVQCKSLWRQFKAETEYSVTQAIAAQEAHKRSNNWLPPPWAIMAMIVLGFNEFMLLLKNPLYLMVLFVAFLISKALWVQMDIAGEFQHGTVSI,LYLMVLFVAFLISKALWVQM,LLKNP,DIAGE,
SubName: Full=Spectrin repeat containing nuclear envelope family member 4 {ECO:0000313|Ensembl:ENSOGAP00000018158};,H0XPW7,295,323,28,MALSPPLGPRLLSEPLNHPPGAPREPEAAGCTTCPPSGGERIRPEQAQNLAQDSLDPPEHFQGRLRGTEPTAGPPRLLMPSSHEDSAGSKHCEALQADLRGAAERVDALLAFGEGLAQRSEPRAWASLEQILRALGAHRDTIFRRLWQLQAQLVGYSLVFKDAGTVDQDLEIEGDADGPGPGGVWGPWAPSSLPTSAELEWDPAGDVGGLGPLGQKTAWTPAAPCELCGHRAPQGRGQGLEDMLMSGLSHRKHLAGYRRCALFQKPQDKKRQVSPSLRDVTLEVDTGAPDPTSRWPLAFLLILLLLLLVGAALLLPIAGVLCCSHVRLARTPYLVLSYVNGLPPI,WPLAFLLILLLLLLVGAALLLPIAGVLCC,DPTSR,SHVRL,
SubName: Full=Spectrin repeat containing nuclear envelope family member 4 {ECO:0000313|Ensembl:ENSOGAP00000010286};,H0X4X2,336,364,28,MALSPPLGPRLLSEPLNHPPGAPREPEAAGCTTCPPSGGERIRPEQAQNLAQDSLDPPEHFQGRLRGTEPTAGPPRLLMPSSHEDSAGSKHCEQPISGLEVLEAEQDTLHLCLLGMERGRGPWAFAQTGMVQLQALQADLRGAAERVDALLAFGEGLAQRSEPRAWASLEQILRALGAHRDTIFRRLWQLQAQLVGYSLVFKDAGTVDQDLEIEGDADGPGPGGVWGPWAPSSLPTSAELEWDPAGDVGGLGPLGQKTAWTPAAPCELCGHRAPQGRGQGLEDMLMSGLSHRKHLAGYRRCALFQKPQDKKRQVSPSLRDVTLEVDTGAPDPTSRWPLAFLLILLLLLLVGAALLLPIAGVLCCSHVRLARTPYLVLSYVNGLPPI,WPLAFLLILLLLLLVGAALLLPIAGVLCC,DPTSR,SHVRL,
RecName: Full=Holin {ECO:0000256|HAMAP-Rule:MF_04108};,F1D0N3,37,55,18,MSLEVQFGDTVIRSVPVVGAAGVDVVTRIFGLTLSDWFYVAAIGYTVVQAWAVLYKTLKRKEDK,WFYVAAIGYTVVQAWAVLY,LTLSD,KTLKR,
RecName: Full=Holin {ECO:0000256|HAMAP-Rule:MF_04108};,A0A1I9SFE1,37,55,18,MLSLDFNNEVIKAAPIAGVAGADGVARLFWGLSLNEWFYVAAIAYTVVQIGAKVVDKIIDWKKANKE,WFYVAAIAYTVVQIGAKVV,LSLNE,DKIID,
RecName: Full=Holin {ECO:0000256|HAMAP-Rule:MF_04108};,A0A160SXR5,38,56,18,MASLEIDFTNGVVRAAPIAAGAGAEVASQVAGMSLSDWFYATIILYTIVQTFVLVFKTVMDEKRKNKEPPNE,WFYATIILYTIVQTFVLVF,MSLSD,KTVMD,
RecName: Full=Holin {ECO:0000256|HAMAP-Rule:MF_04108};,V5YTJ8,37,55,18,MIQIDFNNGVIQATPVVGAATVDVATRLFLGLSPSEWFYAASVLYALTMTVMTVYKTVKDERRKDKGGPNG,WFYAASVLYALTMTVMTVY,LSPSE,KTVKD,
RecName: Full=Holin {ECO:0000256|HAMAP-Rule:MF_04108};,A0A2D0PER0,37,59,22,MLSLDFNNEIVKAAPIAGAAGVDGVARMFFGMTLNEWFYTAAILYTVVQIGAKVVDVIIKWKKEGKDG,WFYTAAILYTVVQIGAKVVDVII,MTLNE,KWKKE,
RecName: Full=Holin {ECO:0000256|HAMAP-Rule:MF_04108};,A0A0F7LE27,37,55,18,MLSLDFNNEVIKAAPIAGVAGADGVARLFWGLSLNEWFYVAAIAYTVVQIGAKVVDKIIDWKKANKE,WFYVAAIAYTVVQIGAKVV,LSLNE,DKIID,
RecName: Full=Holin {ECO:0000256|HAMAP-Rule:MF_04108};,E5L7F5,37,59,22,MLSLDFNNEVVKAAPIVGTGVADGAARLFFGLSLNEWFYVAAIAYTVAQIGAKVVDVIIKWKKEGRDV,WFYVAAIAYTVAQIGAKVVDVII,LSLNE,KWKKE,
RecName: Full=Holin {ECO:0000256|HAMAP-Rule:MF_04108};,A0A140XFP9,37,59,22,MLSLDFNNEIVKAAPIAGVAGADGVARLFWGLSLNEWFYVAAIAYTVAQIGAKVVDVIIKWKKEGKDV,WFYVAAIAYTVAQIGAKVVDVII,LSLNE,KWKKE,
RecName: Full=Holin {ECO:0000256|HAMAP-Rule:MF_04108};,A0A1I9SF91,37,55,18,MLSLDFNNEVIKAAPIAGVAGADGVARLFWGLSLNEWFYVAAIAYTVVQIGAKVVDKIIDWKKANKE,WFYVAAIAYTVVQIGAKVV,LSLNE,DKIID,
RecName: Full=Holin {ECO:0000256|HAMAP-Rule:MF_04108};,A0A0U2DXR9,37,55,18,MLSFDFNNEVVKAAPIVGTGVADGAARLFWGLSLNEWFYVAAIAYTVVQIGAKVVDKMIDWKRANKE,WFYVAAIAYTVVQIGAKVV,LSLNE,DKMID,
RecName: Full=Holin {ECO:0000256|HAMAP-Rule:MF_04108};,H9YAJ3,37,55,18,MSLEVQFGDTVIRSVPVVGAAGVDVVTRIFGLTLSDWFYVAAIGYTVVQAWAVLYKTLKRKEDK,WFYVAAIGYTVVQAWAVLY,LTLSD,KTLKR,
RecName: Full=Holin {ECO:0000256|HAMAP-Rule:MF_04108};,B3VCL6,37,59,22,MLSLDFNNEVVKAAPIVGTGVVDGAARLFFGLSLNEWFYVAAIAYTVAQIGAKVVDVIIKWKKEGRDV,WFYVAAIAYTVAQIGAKVVDVII,LSLNE,KWKKE,
RecName: Full=Holin {ECO:0000256|HAMAP-Rule:MF_04108};,A0A193GYM7,37,55,18,MLSFDFNNEVVKAAPIVGTGVADGAARLFWGLSLNEWFYVAAIAYTVVQIGAKVVDKMIDWKRANKE,WFYVAAIAYTVVQIGAKVV,LSLNE,DKMID,
RecName: Full=Holin {ECO:0000256|HAMAP-Rule:MF_04108};,A0A0U3CDA1,37,55,18,MLSLDFNNEVIKAAPIAGVAGADGVARLFWGLSLNEWFYVAAIAYTVVQIGAKVVDKIIDWKKANKE,WFYVAAIAYTVVQIGAKVV,LSLNE,DKIID,
RecName: Full=Holin {ECO:0000256|HAMAP-Rule:MF_04108};,B3VD21,37,55,18,MLSLDFNNEVIKAAPIAGVAGADGVARLFWGLSLNEWFYVAAIAYTVVQIGAKVVDKIIDWKKANKE,WFYVAAIAYTVVQIGAKVV,LSLNE,DKIID,
RecName: Full=Holin {ECO:0000256|HAMAP-Rule:MF_04108};,A0A2H4P6E8,37,55,18,MLSLDFNNELVKAAPIVGTGVADGAARLFFGLSLNEWFYVAAIAYTVVQIGAKVVDTMIDWKKANKE,WFYVAAIAYTVVQIGAKVV,LSLNE,DTMID,
RecName: Full=Holin {ECO:0000256|HAMAP-Rule:MF_04108};,A0A2D0PDS0,37,59,22,MLSLDFNNEIVKAAPIAGAAGVDGVARMFFGMTLNEWFYTAAILYTVVQIGAKVVDVIIKWKKEGKDG,WFYTAAILYTVVQIGAKVVDVII,MTLNE,KWKKE,
RecName: Full=Holin {ECO:0000256|HAMAP-Rule:MF_04108};,B3VCR6,37,59,22,MLSLDFNNEVVKAAPIVGTGVADGAARLFFGLSLNEWFYVAAIAYTVAQIGAKVVDVIIKWKKEGKDV,WFYVAAIAYTVAQIGAKVVDVII,LSLNE,KWKKE,
RecName: Full=Holin {ECO:0000256|HAMAP-Rule:MF_04108};,A0A0D3QHF7,37,59,22,MLSLDFNNEVVKAAPIVGTGVADGAARLFFGLSLNEWFYVAAIAYTVAQIGAKVVDVIIKWKKEGKDV,WFYVAAIAYTVAQIGAKVVDVII,LSLNE,KWKKE,
RecName: Full=Holin {ECO:0000256|HAMAP-Rule:MF_04108};,A0A172JG78,37,55,18,MLSLDFNNEVVKAAPIVGTGVADGAARLFWGLSLNEWFYVAAIAYTVVQIGAKVVDKMIDWKRANKE,WFYVAAIAYTVVQIGAKVV,LSLNE,DKMID,
RecName: Full=Holin {ECO:0000256|HAMAP-Rule:MF_04108};,A0A219YHH1,37,55,18,MLSLDFNNEVIKAAPIAGVAGADGVARLFWGLSLNEWFYVAAIAYTVVQIGAKVVDKIIDWKKANKE,WFYVAAIAYTVVQIGAKVV,LSLNE,DKIID,
RecName: Full=Holin {ECO:0000256|HAMAP-Rule:MF_04108};,A0A0E3M108,37,55,18,MLSFDFNNEVVKAAPIVGTGVADGAARLFWGLSLNEWFYVAAIAYTVVQIGAKVVDKMIDWKRANKE,WFYVAAIAYTVVQIGAKVV,LSLNE,DKMID,
RecName: Full=Holin {ECO:0000256|HAMAP-Rule:MF_04108};,A0A2H1UJ46,37,59,22,MLSLDFNNEIVKAAPIAGAAGVDGVARMFFGMTLNEWFYTAAILYTVVQIGAKVVDVIIKWKKEGKDG,WFYTAAILYTVVQIGAKVVDVII,MTLNE,KWKKE,
RecName: Full=Holin {ECO:0000256|HAMAP-Rule:MF_04108};,A0A088F7T8,37,55,18,MLSLDFNNELVKAAPIVGTGVADGAARLFFGLSLNEWFYVAAIAYTVVQIGAKVVDKMIDWKKVNKE,WFYVAAIAYTVVQIGAKVV,LSLNE,DKMID,
RecName: Full=Holin {ECO:0000256|HAMAP-Rule:MF_04108};,E1XUC1,37,59,22,MLSLDFNNEVVKAAPIVGTGVADGAARLFFGLSLNEWFYVAAIAYTVAQIGAKVVDVIIRWKKEGRDVQR,WFYVAAIAYTVAQIGAKVVDVII,LSLNE,RWKKE,
RecName: Full=Holin {ECO:0000256|HAMAP-Rule:MF_04108};,A0A2D0PDX5,37,59,22,MLSLDFNNEIVKAAPIAGAAGVDGVARMFFGMTLNEWFYTAAILYTVVQIGAKVVDVIIKWKKEGKDG,WFYTAAILYTVVQIGAKVVDVII,MTLNE,KWKKE,
RecName: Full=Holin {ECO:0000256|HAMAP-Rule:MF_04108};,A0A0D3QHD1,37,59,22,MLSLDFNNEVVKAAPIVGTGVADGAARLFFGLSLNEWFYVAAIAYTVAQIGAKVVDVIIKWKKEGKDV,WFYVAAIAYTVAQIGAKVVDVII,LSLNE,KWKKE,
RecName: Full=Holin {ECO:0000256|HAMAP-Rule:MF_04108};,A0A172JGE4,37,55,18,MIEFDFKNEVLKASPIVGTAAADGASRFFFGLTLNEWFYVAAIAYTVVQIGVLIYKTIKSGGKT,WFYVAAIAYTVVQIGVLIY,LTLNE,KTIKS,
RecName: Full=Holin {ECO:0000256|HAMAP-Rule:MF_04108};,Q6WYH1,37,55,18,MLSLDFNNELIKAAPVVGMGVADVSARLFFGLSLNEWFYAAAIAYTVVQIGAKVVDKMIDWKKANKE,WFYAAAIAYTVVQIGAKVV,LSLNE,DKMID,
RecName: Full=Holin {ECO:0000256|HAMAP-Rule:MF_04108};,Q6WYM3,37,55,18,MLSLDFNNELIKAAPIVGTGVADVSARLFFGLSLNEWFYVAAIAYTVVQIGAKVVDKMIDWKKANKE,WFYVAAIAYTVVQIGAKVV,LSLNE,DKMID,
RecName: Full=Holin {ECO:0000256|HAMAP-Rule:MF_04108};,A0A1I9SEA8,37,55,18,MIELDFKNEVLKASPIVGTAAADGASRFFFGLTLNEWFYVAAIAYTVVQIGVLVYKTIKGGGKT,WFYVAAIAYTVVQIGVLVY,LTLNE,KTIKG,
RecName: Full=Holin {ECO:0000256|HAMAP-Rule:MF_04108};,Q8LTY4,37,55,18,MLSLDFNNELIKAAPIVGTGVADVSARLFFGLSLNEWFYVAAIAYTVIQIGAKVVDKMIDWKKANKE,WFYVAAIAYTVIQIGAKVV,LSLNE,DKMID,
RecName: Full=Holin {ECO:0000256|HAMAP-Rule:MF_04108};,A0A2D0PEI9,37,59,22,MLSLDFNNEIVKAAPIAGAAGVDGVARMFFGMTLNEWFYTAAILYTVVQIGAKVVDVIIKWKKEGKDG,WFYTAAILYTVVQIGAKVVDVII,MTLNE,KWKKE,
RecName: Full=Holin {ECO:0000256|HAMAP-Rule:MF_04108};,A0A1B0TR36,37,55,18,MIELDFKNEVLKASPIVGTAAADGASRFFLGLTLNEWFYVAAIAYTVVQIGVLIYKTIKSGGKT,WFYVAAIAYTVVQIGVLIY,LTLNE,KTIKS,
RecName: Full=Holin {ECO:0000256|HAMAP-Rule:MF_04108};,A0A0E3GMW1,37,55,18,MLSLDFNNELVKAAPIVGTGVADGAARLFFGLSLNEWFYVAAIAYTVVQIGAKVVDKMIDWKRANKE,WFYVAAIAYTVVQIGAKVV,LSLNE,DKMID,
RecName: Full=Holin {ECO:0000256|HAMAP-Rule:MF_04108};,W6PWD1,37,55,18,MIEFDFKNEVLKASPIVGTAAADGASRFFFGLTLNEWFYVAAIAYTVVQIGVLIYKTIKSGGKT,WFYVAAIAYTVVQIGVLIY,LTLNE,KTIKS,
RecName: Full=Holin {ECO:0000256|HAMAP-Rule:MF_04108};,A0A1P8EDM4,37,55,18,MLSFDFNNEVIKAAPIVGTGVADGAARLFWGLSLNEWFYVAAIAYTVVQIGAKVVDKIIDWKRANKE,WFYVAAIAYTVVQIGAKVV,LSLNE,DKIID,
RecName: Full=Holin {ECO:0000256|HAMAP-Rule:MF_04108};,Q6WY68,37,55,18,MLSLDFNNELIKAAPVVGTGVADISARLFFGLSLNEWFYAAAIAYTVVQIGAKVVDKMIDWKKANKE,WFYAAAIAYTVVQIGAKVV,LSLNE,DKMID,
RecName: Full=Holin {ECO:0000256|HAMAP-Rule:MF_04108};,Q6WY16,37,55,18,MLSLDFNNELIKAAPVVGTGVADMSARLFFGLSLNEWFYAAAIAYTVVQIGTKVVDKMIDWKKANKE,WFYAAAIAYTVVQIGTKVV,LSLNE,DKMID,
RecName: Full=Holin {ECO:0000256|HAMAP-Rule:MF_04108};,I6QA00,37,59,22,MLSLDFNNEVVKAAPIVGTGVVDGAARLFFGLSLNEWFYVAAIAYTVAQIGAKVVDVIIKWKKEGRDV,WFYVAAIAYTVAQIGAKVVDVII,LSLNE,KWKKE,
RecName: Full=Holin {ECO:0000256|HAMAP-Rule:MF_04108};,A0A192Y7Y2,37,55,18,MLSLDFNNELVKAAPIVGTGVADGAARLFFGLSLNEWFYIAAIAYTVVQIGAKVVDKMIDWKKANKE,WFYIAAIAYTVVQIGAKVV,LSLNE,DKMID,
RecName: Full=Holin {ECO:0000256|HAMAP-Rule:MF_04108};,F1D0I6,37,55,18,MSLEVQFGDTVIRSVPVVGAAGVDVVTRIFGLTLSEWFYVAAIGYTVVQAWAVLYKTLKRKEDK,WFYVAAIGYTVVQAWAVLY,LTLSE,KTLKR,
RecName: Full=Holin {ECO:0000256|HAMAP-Rule:MF_04108};,Q8LT23,37,55,18,MLSLDFNNELIKAAPVVGTGVADVSARLFFGLSLNEWFYAAAIAYTVVQIGAKVVDKMIDWKKANKE,WFYAAAIAYTVVQIGAKVV,LSLNE,DKMID,
RecName: Full=Holin {ECO:0000256|HAMAP-Rule:MF_04108};,A0A2H1X938,37,59,22,MLSLDFNNEIVKAAPIAGAAGVDGVARMFFGMTLNEWFYTAAILYTVVQIGAKVVDVIIKWKKEGKDG,WFYTAAILYTVVQIGAKVVDVII,MTLNE,KWKKE,
RecName: Full=Holin {ECO:0000256|HAMAP-Rule:MF_04108};,F1D044,37,55,18,MSLEVQFGDTVIRSVPVVGAAGVDVVTRIFGLTLSDWFYVAAIGYTVVQAWAVLYKTLKRKEDK,WFYVAAIGYTVVQAWAVLY,LTLSD,KTLKR,
RecName: Full=Holin {ECO:0000256|HAMAP-Rule:MF_04108};,A0A2D0PDW0,37,59,22,MLSLDFNNEIVKAAPIAGAAGVDGVARMFFGMTLNEWFYTAAILYTVVQIGAKVVDVIIKWKKEGKDG,WFYTAAILYTVVQIGAKVVDVII,MTLNE,KWKKE,
RecName: Full=Holin {ECO:0000256|HAMAP-Rule:MF_04108};,F1D090,37,55,18,MSLEVQFGDTVIRSVPVVGAAGVDAVTRIFGLTLSDWFYVAAIGYTVVQAWAVLYKTLKRKEDK,WFYVAAIGYTVVQAWAVLY,LTLSD,KTLKR,
RecName: Full=Holin {ECO:0000256|HAMAP-Rule:MF_04108};,A0A2D0PDF5,37,59,22,MLSLDFNNEIVKAAPIAGAAGVDGVARMFFGMTLNEWFYTAAILYTVVQIGAKVVDVIIKWKKEGKDG,WFYTAAILYTVVQIGAKVVDVII,MTLNE,KWKKE,
RecName: Full=Holin {ECO:0000256|HAMAP-Rule:MF_04108};,D3W6C0,37,59,22,MLSLDFNNEVVKAAPIVGTGVADGAARLFFGLSLNEWFYVAAIAYTVAQIGAKVVDVIIKWKKEGKDV,WFYVAAIAYTVAQIGAKVVDVII,LSLNE,KWKKE,
RecName: Full=Holin {ECO:0000256|HAMAP-Rule:MF_04108};,A0A1D8F0G3,37,55,18,MLSLDFNNEVIKAAPIAGVAGADGVARLFWGLSLNEWFYVAAIAYTVVQIGAKVVDKIIDWKKANKE,WFYVAAIAYTVVQIGAKVV,LSLNE,DKIID,
RecName: Full=Holin {ECO:0000256|HAMAP-Rule:MF_04108};,A0A0E3JJ77,37,55,18,MLSFDFNNEVVKAAPIVGTGVADGAARLFWGLSLNEWFYVAAIAYTVVQIGAKVVDKMIDWKRANKE,WFYVAAIAYTVVQIGAKVV,LSLNE,DKMID,
RecName: Full=Holin {ECO:0000256|HAMAP-Rule:MF_04108};,A0A2H1UJA9,37,59,22,MLSLDFNNEIVKAAPIAGAAGVDGVARMFFGMTLNEWFYTAAILYTVVQIGAKVVDVIIKWKKEGKDG,WFYTAAILYTVVQIGAKVVDVII,MTLNE,KWKKE,
RecName: Full=Holin {ECO:0000256|HAMAP-Rule:MF_04108};,Q859D9,38,56,18,MAGLEIDFTNGVVRAAPIAAGAGAEVASQVAGMTLSDWFYAAIIFYTIVQTIVLVFKTVMDEKRKNKGDGP,WFYAAIIFYTIVQTIVLVF,MTLSD,KTVMD,
RecName: Full=Holin {ECO:0000256|HAMAP-Rule:MF_04108};,A0A0K2YWN8,37,55,18,MLSLDFNNEVIKAAPIAGVAGADGVARLFWGLSLNEWFYVAAIAYTVVQIGAKVVDKIIDWKKANKE,WFYVAAIAYTVVQIGAKVV,LSLNE,DKIID,
RecName: Full=Holin {ECO:0000256|HAMAP-Rule:MF_04108};,A0A1S6KVC9,37,55,18,MIELDFKNEVLKASPIVGTAAADGASRFFFGLTLNEWFYVAAIAYTVVQIGVLVYKTIKGGGKT,WFYVAAIAYTVVQIGVLVY,LTLNE,KTIKG,
RecName: Full=Holin {ECO:0000256|HAMAP-Rule:MF_04108};,W6PP85,37,55,18,MLQIDFQKEVITATPIVGTAAADAASRYFWGLSLHEWFYVAAIGYTVVQTLAVVYKTLRHNKEKT,WFYVAAIGYTVVQTLAVVY,LSLHE,KTLRH,
RecName: Full=Holin {ECO:0000256|HAMAP-Rule:MF_04108};,Q9T0Z8,37,55,18,MLSLDFNNELVKAAPIVGTGVADGAARLFWGLSLNEWFYVAAIAYTVVQIGAKVVDKMIDWKRANKE,WFYVAAIAYTVVQIGAKVV,LSLNE,DKMID,
RecName: Full=Holin {ECO:0000256|HAMAP-Rule:MF_04108};,A0A0E3JQD2,37,55,18,MLSFDFNNEVVKAAPIVGTGVADGAARLFWGLSLNEWFYVAAIAYTVVQIGAKVVDKMIDWKRANKE,WFYVAAIAYTVVQIGAKVV,LSLNE,DKMID,
RecName: Full=Holin {ECO:0000256|HAMAP-Rule:MF_04108};,A0A1A8YGH0,37,55,18,MIELDFKNEVLKASPIVGTAAADGASRFFFGLTLNEWFYVAAIAYTVVQIGVLIYKTIKSGGKT,WFYVAAIAYTVVQIGVLIY,LTLNE,KTIKS,
RecName: Full=Holin {ECO:0000256|HAMAP-Rule:MF_04108};,Q548A1,37,55,18,MLSLDFNNELIKAAPIVGTGVADVSARLFFGLSLNEWFYVAAIAYTVVQIGAKVVDKMIDWKKANKE,WFYVAAIAYTVVQIGAKVV,LSLNE,DKMID,
RecName: Full=Holin {ECO:0000256|HAMAP-Rule:MF_04108};,Q3YJW3,37,55,18,MIELDFKNEVLKASPIVGTAAADGASRFFFGLTLNEWFYVAAIAYTVVQIGVLVYKTIKGGGKT,WFYVAAIAYTVVQIGVLVY,LTLNE,KTIKG,
RecName: Full=Holin {ECO:0000256|HAMAP-Rule:MF_04108};,Q8LT33,37,55,18,MLSLDFNNELIKAAPIVGTGVADVSARLFFGLSLNEWFYVAAIVYTVVQIGAKVVDKIIDWKKANKE,WFYVAAIVYTVVQIGAKVV,LSLNE,DKIID,
SubName: Full=Nuclear migration protein unc-83 (inferred by orthology to a C. elegans protein) {ECO:0000313|WBParaSite:ASIM_0001122101-mRNA-1};,A0A158PN76,903,924,21,LKVLTQRWHDLWLRSLSVQFRIEKQIEGNFQSEQDWESDPELSEPLTKRRRVVEGSTITEASSDDPLRSEEDTIPFAEDEYESIVDSVTMIQTQTRMLDGTSPLPANESSEKEELEPQPDIGYSSGENSIHEALNEVAGLTTLSTTALTVNESNQENMIIASDFERNGCIEITSPVKSFYRTVPLDDAGVTDTETPRICVTKWSSKFINATNNMDDNNNNNDNVLTDSLIVNTEDETDIVTGNDIKEIMSMLDDDENGNLQSSQFQQQIDVLKQGTRWRELRSTQTPSRRHSHKTTSHDNSIVGDDKQAMKEFQNSCDASSEESDDGCDNIAIISNPVSESQCNSLKRPHRTRNHHPSSYIFSNAYQTLFNSSTGTINKEMDTSMLSTYSSQAQSDLMSTSEILSSNPFAYSHIVTSSSIRTRRSARRKLRARRLPRSMSDGEQLGTSMNASTYSAPPATNPSYHCRTPLRDSDTTTTAPEHSDAQTYEWDEYNPPAKIEDGWMGYDEERQDASALTLADDDFQMYLGDDVSSLIAESRASLRSAQSLINRQPSRQSLEDLRTLAKANSERLTATVVANPRLRMESLNDIDDVNKGWSAVLSTIDSLSTSECCDDKTVLSTSDTTPVDSTYSGCADDSPLPRILSKIEKFASSLKLIQEDNDCSASSLGSLSSIRSFDDVVNAIKIFTEIHSRLVEEREELRCLLNSSTFSGDLSYLIADFEPLSMGYEEAIERVEQLMNQIEKVRESWSDWADTQNNLQIVMSGIEQELNELRKGDDNSKQICSELEMCQERMNRLETVCNYLTSNLSILHDNSTSNAPALNFTSELAVYSNALGQLKARFEETLRSTLMCDKATWINDAAIAGTNQKSDRLPRRRLKTAESGTNTIPTAQTRIFDVILGNWAFQAFVLLAVMAAFAAWLISIDNRLTNNWRSSVGPHLDYIDGPPPM,WAFQAFVLLAVMAAFAAWLISI,VILGN,DNRLT,
RecName: Full=Disulfide bond formation protein B {ECO:0000256|HAMAP-Rule:MF_00286}; AltName: Full=Disulfide oxidoreductase {ECO:0000256|HAMAP-Rule:MF_00286};,A0A143HSR2,128,149,21,MALTAFALEMVALWFQHVMGLKPCVLCIYERSALFGIMGAGLVGAIAPKSPLRYAGIAIWIYSAWKGIELSWQHTMMQLHPSPFMTCDFAARFPSWLPLDKWLPQVFVASGDCSVRQWEFLTLEMPQWLVGIFAAYFVVALLVLIAQPFKPKKRDLFGR,WLVGIFAAYFVVALLVLIAQPF,LEMPQ,KPKKR,
SubName: Full=Uncharacterized protein {ECO:0000313|WBParaSite:L893_g9456.t1};,A0A1I8ATY9,486,508,22,MWYMTNSMFLGTDLNASIYAQPEELMSQSFNSTATSASRRRFGRRRMGRSNSDACFLSVSAIPLFQSTPNSRGSHRLVSGGDSDTTSSAAYEQSDAPAYEWDDYKPEAKDESTISVGDFLTAVHSTPKMNDDDYGLQLNGSEPDVVDVQRAQDMLTESKNNLNNALKMLSDPENDLNSRSAVKVCALSNIHRLTAIVNAQPRMKQEVNDEISKVEEEWKTVLHSLEDPQPSPRPPSDPRQSTPELKLDLSAYQKLADTLRNSFLDESYIDSFKTIDDVDNMIRVYRKIHDRLQEERNSFEDETDGLQELLKECDMCLANIAETTNQLEKLKENWIQWTKLGSSVESTMQDLENRLNNFGNTTTSPEMICEELEECQDRMGRLETVCNFLTAHLNELSARPCSGYDHTDFAAEFKKYSVELEKLQIRYEKLRAQDSLNSTTSTVSVGTSTSPRKRRQTKAKSPSPVKRVVTRTTIAHRVVSAVRCSIPIQILLGLTLLVALGTFLYSYADERPVNRWRNSFGPHLDYVRGPPPV,IPIQILLGLTLLVALGTFLYSYA,AVRCS,DERPV,
RecName: Full=Disulfide bond formation protein B {ECO:0000256|HAMAP-Rule:MF_00286}; AltName: Full=Disulfide oxidoreductase {ECO:0000256|HAMAP-Rule:MF_00286};,A6TAW8,128,149,21,MALTAFILELVALWFQHVMLLQPCVMCIYERCALFGIMGAGLVGAIAPKTPLRYVAMAIWLYSAIRGLQLAWEHTMIQLHPSPFQTCDFAARFPTWLPLDKWLPQVFVASGDCSVRQWQFLSLEMPQWLVGIFAAYLLVAILVIVAQPFKAKKRDLFGR,WLVGIFAAYLLVAILVIVAQPF,LEMPQ,KAKKR,
RecName: Full=Disulfide bond formation protein B {ECO:0000256|HAMAP-Rule:MF_00286}; AltName: Full=Disulfide oxidoreductase {ECO:0000256|HAMAP-Rule:MF_00286};,A0A1X1DRF8,145,166,21,MLRYLNRCSRGRGAWLLLALTALALELAALFFQHVMGLKPCVMCIYERNALFGVMGAGLVGAIAPKSPLRLGALALWIYSAWEGLRLAYEHTMIQLHPNPFTTCDFAARFPDFLPLDKWLPSVFLASGDCAERTWTFLTLSMPQWMIVVFAGYLLVAALVLIAQPFKPKQRDLFGR,WMIVVFAGYLLVAALVLIAQPF,LSMPQ,KPKQR,
RecName: Full=Disulfide bond formation protein B {ECO:0000256|HAMAP-Rule:MF_00286}; AltName: Full=Disulfide oxidoreductase {ECO:0000256|HAMAP-Rule:MF_00286};,A9MP56,128,149,21,MALTAFALEMVALWFQHVMLLKPCVLCIYERCALFGVMGAGLVGAIAPKTPLRYVAMVIWIYSAWRGLQLAYEHTMIQLHPSPFMTCDFVARFPDWLPLGKWLPQVFVASGDCAERQWSFLTLEMPQWLLGIFAAYLVVAIAVVIAQAFKPKKRDLFGR,WLLGIFAAYLVVAIAVVIAQAF,LEMPQ,KPKKR,
RecName: Full=Disulfide bond formation protein B {ECO:0000256|HAMAP-Rule:MF_00286}; AltName: Full=Disulfide oxidoreductase {ECO:0000256|HAMAP-Rule:MF_00286};,A0A1W9EWC8,145,166,21,MLRYLNQCSRGRGAWLLLALTALALELTALFFQHVMGLKPCVMCIYERNALFGVLGAGLVGAIAPKSPLRLAALALWIYSAWEGLRLSYEHTMIQLHPNPFTTCDFAARFPSGLPLDKWLPSVFLASGDCAERSWTFLTLSMPQWMIVVFAGYLLVAALVLIAQPLKPKRRDLFGR,WMIVVFAGYLLVAALVLIAQPL,LSMPQ,KPKRR,
RecName: Full=Disulfide bond formation protein B {ECO:0000256|HAMAP-Rule:MF_00286}; AltName: Full=Disulfide oxidoreductase {ECO:0000256|HAMAP-Rule:MF_00286};,E1SFC4,145,166,21,MLRYLNQCSRGRGAWLLLALTALALELTALFFQHVMGLKPCVMCIYERNALFGVLGAGLVGAIAPKSPLRLGALALWIYSAWEGLRLSYEHTMIQLHPNPFTTCDFAARFPSGLPLDKWLPSVFLASGDCAERSWTFLTLSMPQWMIGVFAGYLLVAVLVLIAQPFKPKRRDLFGR,WMIGVFAGYLLVAVLVLIAQPF,LSMPQ,KPKRR,
RecName: Full=Disulfide bond formation protein B {ECO:0000256|HAMAP-Rule:MF_00286}; AltName: Full=Disulfide oxidoreductase {ECO:0000256|HAMAP-Rule:MF_00286};,E3DH74,129,150,21,MLALTAFALEMSALYFQHVMQLPPCVMCIYERCALFGIMGAALVGAVAPKTPLRWGAILIWLYSAWQGLRLAREHTMIQLHPSPFVTCDFAARFPSWLPLDKWLPSVFVASGDCAVKSWSFLTLSMPQWLLGVFAAYLLVAVLVLIAQAFTAKRRDLFSR,WLLGVFAAYLLVAVLVLIAQAF,LSMPQ,TAKRR,
RecName: Full=Disulfide bond formation protein B {ECO:0000256|HAMAP-Rule:MF_00286}; AltName: Full=Disulfide oxidoreductase {ECO:0000256|HAMAP-Rule:MF_00286};,A0A090V4R7,128,149,21,MALTALALELVALWFQHVMLLKPCVLCIYERCALFGVMGAGLVGAIAPKTPLRYVAIAIWLYSAWRGIQLAWEHTMIQLHPNPFMTCDFAARFPSWLPLDKWLPQVFVASGDCAERQWSFLTLEMPQWLVGIFIAYFAVAILVLIAQAFKPKKRDLFGR,WLVGIFIAYFAVAILVLIAQAF,LEMPQ,KPKKR,
RecName: Full=Disulfide bond formation protein B {ECO:0000256|HAMAP-Rule:MF_00286}; AltName: Full=Disulfide oxidoreductase {ECO:0000256|HAMAP-Rule:MF_00286};,A0A0E2MDT0,128,149,21,MALTAFALEMVALWFQHVMGLKPCVLCIYERCALFGIMGAGLVGAIAPKSPLRYAAIAIWLYSAGKGIALAWEHTQMQLHPSPFMTCDFAARFPSWLPLDKWLPQVFVASGDCSVRQWEFLTLEMPQWLVGIFVAYFVVALLVLIAQPFKPKKRDLFGR,WLVGIFVAYFVVALLVLIAQPF,LEMPQ,KPKKR,
RecName: Full=Disulfide bond formation protein B {ECO:0000256|HAMAP-Rule:MF_00286}; AltName: Full=Disulfide oxidoreductase {ECO:0000256|HAMAP-Rule:MF_00286};,G4C2P1,128,149,21,MAFTALALEMVALWFQHVMLLKPCVLCIYERCALFGVMGAGLVGAIAPKTPLRYVAMVIWIYSAWRGLQLAYEHTMIQLHPSPFMTCDFMARFPDWLPLGKWLPQVFVASGDCAERQWSFLTLEMPQWLLGIFAAYLVVAIAVVIAQAFKPKKRDLFGR,WLLGIFAAYLVVAIAVVIAQAF,LEMPQ,KPKKR,
RecName: Full=Disulfide bond formation protein B {ECO:0000256|HAMAP-Rule:MF_00286}; AltName: Full=Disulfide oxidoreductase {ECO:0000256|HAMAP-Rule:MF_00286};,A0A1T4LEA8,145,166,21,MLRYLNQCSRGRGAWLLLALTALALELTALFFQHVMGLKPCVMCIYERNALFGVLGAGLVGAIAPKSSLRLGALALWIYSAWEGLRLSYEHTMIQLHPNPFTTCDFAARFPSGLPLDKWMPSVFQATGDCADRSWTFLTLSMPQWMIVVFAGYLLVAALVLIAQPLKPKRRDLFSR,WMIVVFAGYLLVAALVLIAQPL,LSMPQ,KPKRR,
RecName: Full=Disulfide bond formation protein B {ECO:0000256|HAMAP-Rule:MF_00286}; AltName: Full=Disulfide oxidoreductase {ECO:0000256|HAMAP-Rule:MF_00286};,S5NFT5,128,149,21,MALTAFALEMVALWFQHVMLLKPCVLCIYERCALFGVMGAGLVGAIAPKTPLRYVAMVIWIYSAWRGLQLAYEHTMIQLHPSPFMTCDFIARFPDWLPLGKWLPQVFVASGDCADRQWSFLTLEMPQWLLGIFTAYLVVAIAVVIAQAYRPRKRDLFSR,WLLGIFTAYLVVAIAVVIAQAY,LEMPQ,RPRKR,
RecName: Full=Disulfide bond formation protein B {ECO:0000256|HAMAP-Rule:MF_00286}; AltName: Full=Disulfide oxidoreductase {ECO:0000256|HAMAP-Rule:MF_00286};,M7RL63,128,149,21,MAFTALALEMVALWFQHVMLLKPCVLCIYERCALFGVMGAGLVGAIAPKTPLRYVAMVIWIYSAWRGLQLAYEHTMIQLHPSPFMTCDFMARFPDWLPLGKWLPQVFVASGDCAERQWSFLTLEMPQWLLGIFAAYLVVAIAVVIAQAFKPKKRDLFGR,WLLGIFAAYLVVAIAVVIAQAF,LEMPQ,KPKKR,
RecName: Full=Disulfide bond formation protein B {ECO:0000256|HAMAP-Rule:MF_00286}; AltName: Full=Disulfide oxidoreductase {ECO:0000256|HAMAP-Rule:MF_00286};,U2NVT6,129,150,21,MLALTALALELTALFFQHVMGLQPCVMCIYERCALFGVMGAGIVGAIAPKTPLRWVAIVIWLYSAIQGVRLSYEHTMIQLHPNPFVTCDFAARFPTWLPLDKWLPAVFVARGDCAAIDWSFLGWSMPQWMIVIFAAYLVVGLLVLIAQPFKAKRRDLFGR,WMIVIFAAYLVVGLLVLIAQPF,WSMPQ,KAKRR,
RecName: Full=Disulfide bond formation protein B {ECO:0000256|HAMAP-Rule:MF_00286}; AltName: Full=Disulfide oxidoreductase {ECO:0000256|HAMAP-Rule:MF_00286};,A0A0M2BZ85,128,149,21,MALTAFALEMVALWFQHVMGLKPCVLCIYERCALFGIMGAGLVGAIAPKTPLRYAAIAIWLYSAGKGIALAWEHTQMQLHPSPFMTCDFAARFPSWLPLDKWLPQVFVASGDCSVRQWEFLTLEMPQWLVGIFVAYFVVALLVLIAQPFKPKKRDLFGR,WLVGIFVAYFVVALLVLIAQPF,LEMPQ,KPKKR,
SubName: Full=Nesprin-4 {ECO:0000313|EMBL:MBV99578.1}; Flags: Fragment;,A0A2F0B9A1,340,360,20,MALPPRLGPTPPSEPFSHPPGAPRELNASGCTICSASGEERIRSEQAQKLGQDSLDPPEPFQGGPRGTESAAGLPRLPTPPSHEDSAGAKHRERPISGREVLEAEQDSLHLCLLGLGLRLQDLEQGLGPWASAQSRMVQLQALQADLHGAAERLDALLVFGEGLAQRSEPQARASLEQVLRAFRAHRDSIFRQLWRLQAQLVFEEASTLEQDLEVEGDSDGTGPGGVWGPWAPSSLPTPAELEWDPAGDVGGLGPLGQRTTWTPGTPCELCGRRGPQGRGQSLEDMLMSGLSHRKHITGHRRRSLLRKSQDKMRQVSPNVQDVMLEVDPGAPTPASRRPLTFLLLLLFLLLVGATLLLPMSGGSCCSPARTPHLVLSYVNGPPPV,LTFLLLLLFLLLVGATLLLPM,ASRRP,SGGSC,
SubName: Full=Uncharacterized protein {ECO:0000313|EMBL:JAB65033.1};,V5GXH3,215,233,18,MNSLTKTRTCTTDKLCQMESLLPAWKTLESRLEQLQKDLREDEKTIHLLDSCLTNGTFTDQTATCVRDVAKVLSETTAHQGYHPLQEIFTEGSFSDSGISDEGSEHEIGERQGRLAAIRRLVRQLEVGLSPDSKARLIMREKLNAAEEELKALQQRCRSLIVRTAACSATIPDRLSLQPKDKGMAGDKSRDGDGDDPGSDPGLQPWFKRMFRASLAFQLVIITFVCLSCLFEPQCCDYMNNYSWSFSPKLRYEGRPPI,LAFQLVIITFVCLSCLFEP,MFRAS,QCCDY,
SubName: Full=Spectrin repeat containing nuclear envelope family member 4 {ECO:0000313|Ensembl:ENSCCAP00000040017};,A0A2K5SI12,243,270,27,MALSLPLGTGLGSEPLSHPPGAPREPDFVGRTVCPASGEESTSPEQAQTLGQDALGPPEHFQGGPRGNEPAARPPRWSTPSSHEDPAGGRHCEVFEEADTLNQDLEIEGDSDWPGPGGVWGPWAPSSLPTSAELEWDPAGDIGGLGPSGQKTARILGAPCELCGHRGPQGRVQGLEEPHTSHSRQDMLESSLSHWKHLAGHRRRSLLRKPQDKKRQASPQLQDVRLEGNPGAPDPASRWPLTFLLILFLLFLLLVGAVFLLPVSGGLCCFHARMPRIPYLVLSYVNGLPPV,FLLILFLLFLLLVGAVFLLPVSGGLCCF,RWPLT,HARMP,
SubName: Full=Spectrin repeat containing nuclear envelope family member 4 {ECO:0000313|Ensembl:ENSCCAP00000040015};,A0A2K5SI04,356,383,27,MALSLPLGTGLGSEPLSHPPGAPREPDFVGRTVCPASGEESTSPEQAQTLGQDALGPPEHFQGGPRGNEPAARPPRWSTPSSHEDPAGGRHCEHPASGLEVLEAEQDSLHLSLLGLGLWLQDLEQGPGRWALAQSGMVQLRALQADLRGAAERVEALITFGEGLAQRSEPRAWEALEQILRALGAHRDTIFRRLWQLQAQLVSYSLVFEEADTLNQDLEIEGDSDWPGPGGVWGPWAPSSLPTSAELEWDPAGDIGGLGPSGQKTARILGAPCELCGHRGPQGRVQGLEEPHTSHSRQDMLESSLSHWKHLAGHRRRSLLRKPQDKKRQASPQLQDVRLEGNPGAPDPASRWPLTFLLILFLLFLLLVGAVFLLPVSGGLCCFHARMPRIPYLVLSYVNGLPPV,FLLILFLLFLLLVGAVFLLPVSGGLCCF,RWPLT,HARMP,
RecName: Full=Protein ROOT HAIR DEFECTIVE 3 homolog {ECO:0000256|HAMAP-Rule:MF_03109}; EC=3.6.5.- {ECO:0000256|HAMAP-Rule:MF_03109}; AltName: Full=Protein SEY1 homolog {ECO:0000256|HAMAP-Rule:MF_03109};,V4LB69,678,700,22,MGQSEDCCSTQLIDGNGEFNVEGLESFVKKTKLSDCGLSYAVVAIMGPQSSGKSTLLNHLFQTSFREMDAFAGRSQTTKGIWMARCVGIEPFTLAMDLEGTDGRERGEDDTTFEKQSALFALAVADIVLINMWCHDIGREQAANKPLLKTVFQVMMRLFSPRKTTLLFVIRDKTKTPIELLEPVLREDIQKIWDLVRKPEAHKNTPLSEFFNVEVVALSSYEEKENVFKKEVAELRQRFFHSISPGGLAGDRRGVVPASGFSFSSQEIWKVIKENRDLDLPAHKVMVATVRCEEIAGEMLRHLATDERWLELQKAVERGLVPGFGRKLSSILEKYFSEYDAEAIYFDEGVRKEKRLQLKSKALDFVYSAYATMLGHLRSNALDSFKISLEQSLSQGEGFASAVRDSQQSCLLVFDKGCKDAAVKQATWDASKIREKLCRDIDSHTSSAQAAKLSELTANYKKRLTQALSEPVESLFEAGGKETWPAIRTLLKRETETAVTNFLDVVTGFELDDATIDAMVQNLKDYSQSLVEKKAREESAKILIRMKDRFSTVFSHDKDSMPRVWTGKEDIRAITKDARAEALSLLSVMAAIRLDERQDKIESTLFSSLMDGTVSVASSHNRSLGTSTDPLASSSWEEVPPKDVLLTPVQCKSLWRQFKSETEYTVTQAISAQVILQIYLRISLYYLHILINGMFSFLLYRRLTSGITTGFHQLGRLC,IYLRISLYYLHILINGMFSFLLY,QVILQ,RRLTS,
RecName: Full=Disulfide bond formation protein B {ECO:0000256|HAMAP-Rule:MF_00286}; AltName: Full=Disulfide oxidoreductase {ECO:0000256|HAMAP-Rule:MF_00286};,A0A0L7DK25,145,166,21,MLRYLNQCSRGRGAWLLLALTALALELTALFFQHVMGLKPCVMCIYERNALFGVLGAGLVGAIAPKSPLRLAALALWIYSAWEGLRLSYEHTMIQLHPNPFTTCDFAARFPSGLPLDKWLPSVFLASGDCAERSWTFLTLSMPQWMIVVFAGYLLVAALVLIAQPLKPKRRDLFGR,WMIVVFAGYLLVAALVLIAQPL,LSMPQ,KPKRR,
RecName: Full=Protein SEY1 {ECO:0000256|HAMAP-Rule:MF_03109}; EC=3.6.5.- {ECO:0000256|HAMAP-Rule:MF_03109};,A0A0C4F8A5,669,685,16,TMAELLQNTNGQRHHTEQVQVIGEEQRFTDVLPKSIESWGLLEKGFNYDVVAVFGSQSTGKSTLLNRVFGTTFDVMNEAERRQTTKGIWMCKGKDMDVLVMDVEGADGRERGEDQDFERKAALFSMASSEVIIVNMWEHQVGLYQGANMGLLRTVFEVDLALFQANKPSKGPQRLDTIKRIYFCIRDHVGSTPLSNLENTITTDLNRIWDTLVKPEGTESSKITDYFDLTFTALSHKVLQPENFDREVESFRKRFVDKTHPDYVFKPIYHKRIPADGLAQYMSGIWDAVVSNKDLDLPTQQELLAQFRCDEIAATSFEQFTTLIQPLKIKMESGKLVEELGTKMLEARKTCMASFDLAASRYHTGVYQRKRTEFMAKMNSNLSPLFLAQLKILSKSIIKKFQAELIHELKTGSGVRDFKEVVGSQMQAAQKEFEDGVKSSIEKEMKRETNEVVELAMTQQKIEMWDAVLNGFQGALDRAKTKYHAKSASFSCTEEDDQKTKEIISRKGWISLRNKIDEQTVESTLLVKLKLAFEERFRYDSAGVPRVWKPEDDIDGAFRTARETTLALIPIYAAIQPTEKSLELCIPTNSSLELDDPDLAEYDFDGSRLILSGIKQTELSNRLKKESDAYYLEAKRSLVSSISQIPYWMYAVIAILGWNEFLAVLKSPVYFATILILAFGVWVTFKLNMVGKFNAAHFMEIRIQRC,VYFATILILAFGVWVTF,VLKSP,KLNMV,
RecName: Full=Disulfide bond formation protein B {ECO:0000256|HAMAP-Rule:MF_00286}; AltName: Full=Disulfide oxidoreductase {ECO:0000256|HAMAP-Rule:MF_00286};,A0A164DMQ8,128,149,21,MALTAFALEMVALWFQHVMGLKPCVLCIYERCALFGIMGAGLVGAIAPKSPLRYAAIAIWLYSAGKGIALAWEHTQMQLHPSPFMTCDFAARFPSWLPLDKWLPQVFVASGDCSVRQWEFLTLEMPQWLVGIFVAYFVVALLVLIAQPFKPKKRDLFGR,WLVGIFVAYFVVALLVLIAQPF,LEMPQ,KPKKR,
RecName: Full=Holin {ECO:0000256|HAMAP-Rule:MF_04108};,A0A1W6JS01,38,56,18,MAGLEIDFTNGVVRAAPIAAGAGAEVASQVAGMSLSDWFYATIILYTIVQTFVLVFKTVMDEKRKNKGDPP,WFYATIILYTIVQTFVLVF,MSLSD,KTVMD,
RecName: Full=Holin {ECO:0000256|HAMAP-Rule:MF_04108};,A0A1W6JRV2,38,56,18,MAGLEIDFTNGVVRAAPIAAGAGAEVASQVAGMSLSDWFYATIILYTIVQTFVLVFKTVMDEKRKNKGDPP,WFYATIILYTIVQTFVLVF,MSLSD,KTVMD,
RecName: Full=Protein ROOT HAIR DEFECTIVE 3 homolog {ECO:0000256|HAMAP-Rule:MF_03109}; EC=3.6.5.- {ECO:0000256|HAMAP-Rule:MF_03109}; AltName: Full=Protein SEY1 homolog {ECO:0000256|HAMAP-Rule:MF_03109};,A0A287UAQ4,687,706,19,MDGPVLERFAAAAGLVQRGLSYAVVSIFGPQGSGKSTLLNRLFGTSFAEMDALKGRNQTTKGIWVAKAAGIEPFTLVMDLEGTDGRERGEDDTAFEKQSALFALAVSDIVMINLWCHDIGREQAANRPLLKTIFEVLMRLFSPRKTTLLLVIRDKTKTPVEYLAQALKEDIHKIWDSVPKPEVFKKAALSEFFNVEVTALSSYEDNEEQFKEQVGKLRHKFIHSIDPGGLAADRRGVIPASGFCISAMHIWKVIRENKDLNLPAHKIMVATVRCEEIADEKLRCFMVDEGWLELEAVVTSVPVQSFGMKLNDIIDFYLLDYDMETMYFDEGVRTVKRQQLESEIVNVVHPAFETLIKHLHCTVLSKFKNDLEQLLRSGERFAASARHCAQSSSVEFEAGWRDAVVKHADWDATNSRNKLQQSVEVHTAGLRIAKLDELKATYEKKLLDALSGPVQSILETGERDSWASIRRLYRRDTEHAILEFSDSLSEYELDQTTSVEMVLELREHARCTVEKKAREQAENILIHMKERFSTVLSHDKDLMPRIWTANEDIHAITREARLVALRLMSVMAAVRLDDKQDKIDQALMVSLLDGGSLSWKRSIEFTSDPLASTTWQEVSQKDTLITPVQCKSIWRQFKAETEYPVAQAILMQEAHRRSNNWLPPAWTILVLAVLGFNEFMFILRNPVYILGLFLAFVLSYAVWLQYDIRAYFCHGTVR,VYILGLFLAFVLSYAVWLQY,ILRNP,DIRAY,
RecName: Full=Protein ROOT HAIR DEFECTIVE 3 homolog {ECO:0000256|HAMAP-Rule:MF_03109}; EC=3.6.5.- {ECO:0000256|HAMAP-Rule:MF_03109}; AltName: Full=Protein SEY1 homolog {ECO:0000256|HAMAP-Rule:MF_03109};,A0A2G5D8P7,708,727,19,MGDDDECCSTQLIDGSGEFNVTGLDSFMKRVKLAECGLSYAVVAIMGPQSSGKSTLLNHLFYTNFREMDAFRGRSQTTKGIWLAKCVGIEPCTIAMDLEGTDGRERGEDDTAFEKQSALFALAIADVVLINMWCHDIGREHAANKPLLKTVFQVMMRLFSPRKTTLLFVIRDKTKTPLEHLEPVLREDIQKIWDSVPKPRDHTNTLLSEFFNVEVVALSSYEEKEEQFKEQVAGLRQRFFHSIAPGGLAGDRRGVVPASAFSFSAQQIWKVIRENKDLDLPAHKVMVATVRCEEIANEKFSHLTLDEDWLAVEASVQNGLVSGFGKKLSTIIQKYLSEYDIEAFYFDEEVRNAKRQQLELKALQHVQPAHQAMLGHLRSRALEHFKKGLEDSLKRGEKFAASVRNCTQSCISEFDQGCADVAVQQANWDATKVREKLRRDIEAHAASVCGEKLSELQTNFEKKLTEALVLPIESLLDASGRDTWASIRKLLRRETETALAEFSTALSGFELDQAAFDKKVRDLRQFARNVVEKKAKEEAGKVLIRMKDRFATVFSHDNDSMPRVWNANVDIKQITKDARAASLKHLSVMAALRLDDKPDKIENVLFSSLMDGTVSSPVSQESNIGTTADPLASNTWEEVSPKDVLITPVQCKFLWRQFKAETEYLVSQAISAQEAHKQSNNWLPPPWCILLLILLGFNEFMAVLKSPLYLMAGFVILVFVAAMWYQLRSSGIFRNGIVSLKK,LYLMAGFVILVFVAAMWYQL,VLKSP,RSSGI,
RecName: Full=Disulfide bond formation protein B {ECO:0000256|HAMAP-Rule:MF_00286}; AltName: Full=Disulfide oxidoreductase {ECO:0000256|HAMAP-Rule:MF_00286};,A0A2A7V1J0,145,166,21,MLRYLNQCSRGRGAWLLLALTALALELTALFFQHVMGLKPCVMCIYERNALFGVLGAGLVGAIAPKSPLRLGALALWIYSAWEGLRLSYEHTMIQLHPNPFTTCDFAARFPSGLPLDKWLPSVFLASGDCAERSWTFLTLSMPQWMIGVFAGYLLVAVLVLIAQPFKPKRRDLFGR,WMIGVFAGYLLVAVLVLIAQPF,LSMPQ,KPKRR,
RecName: Full=Disulfide bond formation protein B {ECO:0000256|HAMAP-Rule:MF_00286}; AltName: Full=Disulfide oxidoreductase {ECO:0000256|HAMAP-Rule:MF_00286};,A0A1I4XRK6,145,166,21,MLRYLNQCSRGRGAWLLLALTALALELTALFFQHVMGLKPCVMCIYERNALFGVLGAGLVGAIAPKSPLRLAALALWIYSAWEGLRLSYEHTMIQLHPNPFTTCDFAARFPSGLPLDKWLPSVFLASGDCAERSWTFLTLSMPQWMIVVFAGYLLVAALVLIAQPLKPKRRDLFGR,WMIVVFAGYLLVAALVLIAQPL,LSMPQ,KPKRR,
RecName: Full=Disulfide bond formation protein B {ECO:0000256|HAMAP-Rule:MF_00286}; AltName: Full=Disulfide oxidoreductase {ECO:0000256|HAMAP-Rule:MF_00286};,G9Z6F7,128,149,21,MALTAFALEMVALWFQHVMLLKPCVLCIYERSALFGIMGAGIVGAIAPKSPLRYVAILIWIYSAWRGLQLAWEHTMIQLHPSPFMTCDFAARFPSWLPLDKWLPQVFLASGDCSVRQWEFLTLEMPQWLVGIFAAYLIVALLVLIAQPFKPKRRDLFGR,WLVGIFAAYLIVALLVLIAQPF,LEMPQ,KPKRR,
RecName: Full=Disulfide bond formation protein B {ECO:0000256|HAMAP-Rule:MF_00286}; AltName: Full=Disulfide oxidoreductase {ECO:0000256|HAMAP-Rule:MF_00286};,A0A1E5D134,148,169,21,MNALAAIKAFSARRLSWLLLLIFIVFFEACALFFQHVVMLSPCVMCIYERVAMMGIGGAALLGLINPSNPIIRWLGLAAWGASAYKGLALAMQHVDYQFNPSPFATCDLFVTFPDWAPLNQWVPWMFEAYGDCSEVVWQFLTLSMPQWLVIIFAGNLAALAIIILAQFAKQPKA,WLVIIFAGNLAALAIIILAQFA,LSMPQ,KQPKA,
RecName: Full=Disulfide bond formation protein B {ECO:0000256|HAMAP-Rule:MF_00286}; AltName: Full=Disulfide oxidoreductase {ECO:0000256|HAMAP-Rule:MF_00286};,A0A059I961,145,166,21,MLRYLNQCSRGRGAWLLLALTALALELTALFFQHVMGLKPCVMCIYERNALFGVLGAGLVGAIAPKSPLRLAALALWIYSAWEGLRLSYEHTMIQLHPNPFTTCDFAARFPSGLPLDKWLPSVFLASGDCAERSWTFLTLSMPQWMIVVFAGYLLVAALVLIAQPLKPKRRDLFGR,WMIVVFAGYLLVAALVLIAQPL,LSMPQ,KPKRR,
SubName: Full=Uncharacterized protein {ECO:0000313|EMBL:ENN80315.1 ECO:0000313|EnsemblMetazoa:ENN80315}; Flags: Fragment;,N6UEY6,44,62,18,MPVNSRQKEKSTGDKSAKPDGGDDDPGNDPENTRWFKRLFKASLAFQLVILTFVCLSCLYEPQCCDYMNNYQWSVSPKLHYEGRPPI,LAFQLVILTFVCLSCLYEP,LFKAS,QCCDY,
RecName: Full=Disulfide bond formation protein B {ECO:0000256|HAMAP-Rule:MF_00286}; AltName: Full=Disulfide oxidoreductase {ECO:0000256|HAMAP-Rule:MF_00286};,A0A1X1BTL4,145,166,21,MLRYLNQCSRGRGAWLLLALTALALELTALWFQHVMGLKPCVMCIYERNALFGVMGAGLVGAIAPKTPLRLAALALWVYSAWQGLRLSYEHTMIQLHPNPFTTCDFAARFPSGLPLDKWLPSVFLASGDCAERSWTFLTLSMPQWMIVVFAGYLLVALLVLIAQPFKAKRRDLFSR,WMIVVFAGYLLVALLVLIAQPF,LSMPQ,KAKRR,
RecName: Full=Disulfide bond formation protein B {ECO:0000256|HAMAP-Rule:MF_00286}; AltName: Full=Disulfide oxidoreductase {ECO:0000256|HAMAP-Rule:MF_00286};,S4ITH1,128,149,21,MAFTALALEMVALWFQHVMLLKPCVLCIYERCALFGVMGAGLVGAIAPKTPLRYVAMVIWIYSAWRGLQLAYEHTMIQLHPSPFMTCDFMARFPDWLPLGKWLPQVFVASGDCAERQWSFLTLEMPQWLLGIFAAYLVVAIAVVIAQAFKPKKRDLFGR,WLLGIFAAYLVVAIAVVIAQAF,LEMPQ,KPKKR,
RecName: Full=Disulfide bond formation protein B {ECO:0000256|HAMAP-Rule:MF_00286}; AltName: Full=Disulfide oxidoreductase {ECO:0000256|HAMAP-Rule:MF_00286};,V3EK24,128,149,21,MALTAFALEMVALWFQHVMGLKPCVLCIYERCALFGIMGAGLVGAIAPKSPLRYAGIAIWLYSAWKGIELSWQHTMMQLHPSPFMTCDFAARFPSWLPLDKWLPQVFVASGDCSVRQWEFLTLEMPQWLVGIFAAYFVVALLVLIAQPFKPKKRDLFGR,WLVGIFAAYFVVALLVLIAQPF,LEMPQ,KPKKR,
RecName: Full=Disulfide bond formation protein B {ECO:0000256|HAMAP-Rule:MF_00286}; AltName: Full=Disulfide oxidoreductase {ECO:0000256|HAMAP-Rule:MF_00286};,A0A198GGM6,128,149,21,MALTAFALEMVALWFQHVMGLKPCVLCIYERCALFGIMGAGLVGAIAPKSPLRYAGLAIWIYSAWKGIELSWQHTMMQLHPSPFMTCDFAARFPSWLPLDKWLPQVFVASGDCSVRQWEFLTLEMPQWLVGIFVAYFVVALLVLIAQPFKPKKRDLFGR,WLVGIFVAYFVVALLVLIAQPF,LEMPQ,KPKKR,
RecName: Full=Disulfide bond formation protein B {ECO:0000256|HAMAP-Rule:MF_00286}; AltName: Full=Disulfide oxidoreductase {ECO:0000256|HAMAP-Rule:MF_00286};,R4YHG6,128,149,21,MALTAFILELVALWFQHVMLLQPCVMCIYERCALFGIMGAGLVGAIAPKTPLRYVAMAIWLYSAIRGLQLAWEHTMIQLHPSPFQTCDFAARFPTWLPLDKWLPQVFVASGDCSVRQWQFLSLEMPQWLVGIFAAYLLVAILVIVAQPFKAKKRDLFGR,WLVGIFAAYLLVAILVIVAQPF,LEMPQ,KAKKR,
SubName: Full=Uncharacterized protein {ECO:0000313|EMBL:OBS78699.1};,A0A1A6HKD6,341,362,21,MALSPPLGHGFPSEPLNYPLGAPGELDIAGCTISPVPGEETSRSEQAQASLGLPEHVTGXLKDTEPATSPPRLPLASSHERQDGGKRCEHTVSGLEVLETEQDSLRLCLLGLSFQLQDLEQGLGSWTLAHSRIVQLQALQAELRGAAERVDALLAFGEGLAERSEPRVWASLEQVLRALGTHRDTIFQRLWQLQAQLISYSLVLEKANLLDRDLEVEGDSDGPAPGGIWGPWAPSALPTPAELEWDPAGDVGGLGPSGQKISRIPGAPCELCGYRGPQGNGQGLEDLLTLGLSHRKHLAAHHRRRLRKPQDKRQASPSPPDVMLEVDHGVPASASRRPLTIFFLLLFFLLLGATLLLPLSGVPCCSXARLARXPYLVLSYVNGLPPL,IFFLLLFFLLLGATLLLPLSGV,RRPLT,PCCSX,
SubName: Full=Nesprin-4 {ECO:0000313|Ensembl:ENSMUSP00000135637};,H3BL35,259,280,21,MALVPPLGREFPPEPVNCPLAAPRELDVVGGTICPAPEEETSRPEQVQASLGLPEHCMGELKSTESATSPSRLPLASSHEHQDGGKPCEHSDSGLEVLEAEQDSLHLCLLRLNFRLQDLERGLGSWTLAHNRIVQMQALQAELRGAAERVDALLAFGEGLAERSEPRAWASLEQVLRALGTHRDTIFQRLWQLQAQLISYSLDLLSLGLGHRKHLAAHHRRRLRKPQDRKRQVSPSLPDAMLEVDRGVPAPASKRPLTLFFLLLFLLLVGATLLLPLSGVSCCSHARLARTPYLVLSYVNGLPPI,LFFLLLFLLLVGATLLLPLSGV,KRPLT,SCCSH,
SubName: Full=KASH domain-containing protein C19orf46-like {ECO:0000313|EMBL:EGW03692.1};,G3HPS0,669,690,21,MAEPSWKKTDSSWDERNSGRKMIDAGAPKIGCEHERASLGGRMAQMPGHEEPQTFTVICGRPGIAVVLAQGYIPVTLDAKPKPLDTQRPPVPFTFFDPNDPACQEILFDPKTSIPELFAIVRQWVPQVQHKIDVIGNEILRRGCHVNDRDGLTDMTLLHYACKAGAHGVAEAALVAKDLRTLLEEAVPLSCTLPKVTLPNYDNVPGNLMLSALGLRLGDRVLLDGQKVRGLGKKKSPSSPSLGSLQQREGAKADVGDQVLVAGPKQGIEPFYGKTDFAPGYGYGIELAQPTGKHDGSVFGVRYFTCAPRHGVFAPASRIQRIGGSTDPPGDSVGAKKVHQVTMTQPKRTFTTVRTPKDIASENSISRTAHKELVSMEEQDARVPALEPFRVEKAPPLIYYVPDFISKEEEDYLLRQRSVSGLEVLETEQDSLHLCLLGLSFQLQDLEQGLGSWTLAYSRIVQLQALQAELRGAAERVDALLAFGEGLAERSEPRAWASLEQVLRALGAHRDTIFQRLWQLQAQLISYSLVLEKANLLDQNLEVEGDSDGPAPGGIWGPWAPSTSLTPAELEWDPAGDVGDLGPSGQKISRRPGVPCELCGYREPQGRGQGLEDLLTLGLSHRKHLAAHHRRRLGKPQDKKRQASPSPSDVMLEVDHGAPASASRRPLTLFLLLLFFLLVGATLLLPLSGVRCCSHARLARTPYLVLSYVNGLPPI,LFLLLLFFLLVGATLLLPLSGV,RRPLT,RCCSH,
RecName: Full=Disulfide bond formation protein B {ECO:0000256|HAMAP-Rule:MF_00286}; AltName: Full=Disulfide oxidoreductase {ECO:0000256|HAMAP-Rule:MF_00286};,A8AFR4,128,149,21,MALTAFALEMVALWFQHVMLLKPCVLCIYERSALFGVMGAGLVGAVAPKTPLRYVAIAIWIYSAWRGLQLAYEHTMIQLHPSPFMTCDFAARFPTWLPLDKWLPQVFLASGDCAERQWSFLTLEMPQWLLGIFAAYLAIAILVLIAQPFKPKRRDLFSR,WLLGIFAAYLAIAILVLIAQPF,LEMPQ,KPKRR,
RecName: Full=Disulfide bond formation protein B {ECO:0000256|HAMAP-Rule:MF_00286}; AltName: Full=Disulfide oxidoreductase {ECO:0000256|HAMAP-Rule:MF_00286};,D4I407,145,166,21,MLRYLNRCSQGRGAWLLLALTAFALEMSALYFQHVMQLPPCVMCIYERCALFGIMGAGLVGAVAPKTPLRWGAILLWLYSAWQGLRLAREHTMIQLHPSPFVTCDFAARFPSWLPVDKWLPSVFVASGDCAVKSWSFLTLSMPQWLLGVFAAYLVVAVLVLIAQAFTAKRRDLFSR,WLLGVFAAYLVVAVLVLIAQAF,LSMPQ,TAKRR,
RecName: Full=Disulfide bond formation protein B {ECO:0000256|HAMAP-Rule:MF_00286}; AltName: Full=Disulfide oxidoreductase {ECO:0000256|HAMAP-Rule:MF_00286};,F0JSM1,128,149,21,MAFTALALELVALWFQHVMLLKPCVLCIYERCALFGILGAALIGAIAPKTPLRYVAIIIWLYSAWRGVQLTYEHTMLQLYPSPFVTCDFFVRFPSWLPLDKWIPQVFVASGDCAERQWEFLGLEMPQWLLGIFVAYLIVAILVAISQPFKAKKRDLFGR,WLLGIFVAYLIVAILVAISQPF,LEMPQ,KAKKR,
RecName: Full=Disulfide bond formation protein B {ECO:0000256|HAMAP-Rule:MF_00286}; AltName: Full=Disulfide oxidoreductase {ECO:0000256|HAMAP-Rule:MF_00286};,U3TWN1,128,149,21,MALTALVFEMVALFFQHLMGLQPCVMCIYERCTLFGIMGAGLVGAISPKTPLRWAAIAIWLYSAYEGVRLSYEHTMIQLHPNPFVTCDFAARFPSWLPLDKWLPAVFVASGNCAERGWTFLTWSMPQWMIVIFAAYLLVGVLVLIAQPFKAKRRDLFGR,WMIVIFAAYLLVGVLVLIAQPF,WSMPQ,KAKRR,
RecName: Full=Disulfide bond formation protein B {ECO:0000256|HAMAP-Rule:MF_00286}; AltName: Full=Disulfide oxidoreductase {ECO:0000256|HAMAP-Rule:MF_00286};,A0A0F5F955,145,166,21,MLRYLNHCSRGRGAWLLLALTALALELTALWFQHVMGLKPCVMCIYERNALFGVMGAGLVGAIAPKSPLRLAALALWIYSAWEGLRLSWEHTMIQLHPNPFTTCDFAARFPSGLPLDKWLPSVFLASGDCAERSWTFLTLSMPQWMIVVFAAYLLVAVLVLIAQPFKAKRRDLFGR,WMIVVFAAYLLVAVLVLIAQPF,LSMPQ,KAKRR,
RecName: Full=Disulfide bond formation protein B {ECO:0000256|HAMAP-Rule:MF_00286}; AltName: Full=Disulfide oxidoreductase {ECO:0000256|HAMAP-Rule:MF_00286};,E0LVU6,145,166,21,MLRYLNQCSRGRGAWLLLALTALALELTALFFQHVMGLKPCVMCIYERNALFGVLGAGLVGAIAPKSPLRLGALALWIYSAWEGLRLSYEHTMIQLHPNPFTTCDFAARFPSGLPLDKWMPSVFQATGDCADRSWTFLTLSMPQWMIVVFAGYLLVAALVLITQPLKPKRRDLFSR,WMIVVFAGYLLVAALVLITQPL,LSMPQ,KPKRR,
RecName: Full=Disulfide bond formation protein B {ECO:0000256|HAMAP-Rule:MF_00286}; AltName: Full=Disulfide oxidoreductase {ECO:0000256|HAMAP-Rule:MF_00286};,A0A2H6KQY1,128,149,21,MALTAFALEMVALWFQHVMGLKPCVLCIYERCALFGIMGAGLVGAIAPKSPLRYAGIAIWLYSAWKGIELSWQHTMMQLHPSPFMTCDFAARFPSWLPLDKWLPQVFVASGDCSVRQWEFLTLEMPQWLVGIFAAYFVVALLVLIAQPFKPKKRDLFGR,WLVGIFAAYFVVALLVLIAQPF,LEMPQ,KPKKR,
RecName: Full=Disulfide bond formation protein B {ECO:0000256|HAMAP-Rule:MF_00286}; AltName: Full=Disulfide oxidoreductase {ECO:0000256|HAMAP-Rule:MF_00286};,A0A0X8Q7I4,145,166,21,MLRYLNQCSRGRGAWLLLALTALALELTALFFQHVMGLKPCVMCIYERNALFGVLGAGLVGAIAPKSPLRLGALALWIYSAWEGLRLSYEHTMIQLHPNPFTTCDFAARFPSGLPLDKWLPSVFLASGDCAERSWTFLTLSMPQWMIGVFAGYLLVAVLVMIAQPFKPKRRDLFGR,WMIGVFAGYLLVAVLVMIAQPF,LSMPQ,KPKRR,
RecName: Full=Disulfide bond formation protein B {ECO:0000256|HAMAP-Rule:MF_00286}; AltName: Full=Disulfide oxidoreductase {ECO:0000256|HAMAP-Rule:MF_00286};,A0A0H3CIG0,128,149,21,MALTAFALEMVALWFQHVMGLKPCVLCIYERCALFGVMGAGLLGAIAPKTPLRYVAIAVWLYSAWKGIELSWQHTMMQLHPSPFMTCDFAARFPSWLPLDKWLPQVFVASGDCSVRQWEFLSLEMPQWLVGIFVAYFVVALLVLIAQPFKPKKRDLFGR,WLVGIFVAYFVVALLVLIAQPF,LEMPQ,KPKKR,
RecName: Full=Disulfide bond formation protein B {ECO:0000256|HAMAP-Rule:MF_00286}; AltName: Full=Disulfide oxidoreductase {ECO:0000256|HAMAP-Rule:MF_00286};,A0A156CPE7,128,149,21,MALTAFALEMVALWFQHVMGLKPCVLCIYERCALFGIMGAGLVGAIAPKSPLRYAGIAIWLYSAWKGIELSWQHTMMQLHPSPFMTCDFAARFPSWLPLDKWLPQVFVASGDCSVRQWEFLTLEMPQWLVGIFAAYFVVALLVLIAQPFKPKKRDLFGR,WLVGIFAAYFVVALLVLIAQPF,LEMPQ,KPKKR,
RecName: Full=Disulfide bond formation protein B {ECO:0000256|HAMAP-Rule:MF_00286}; AltName: Full=Disulfide oxidoreductase {ECO:0000256|HAMAP-Rule:MF_00286};,A0A066NGE3,128,149,21,MALTAFALEMVALWFQHVMGLKPCVLCIYERCALFGIMGAGLVGAIAPKTPLRYAAIAIWLYSAGKGIALAWEHTQMQLHPSPFMTCDFAARFPSWLPLDKWLPQVFVASGDCSVRQWEFLTLEMPQWLVGIFVAYFVVALLVLIAQPFKPKKRDLFGR,WLVGIFVAYFVVALLVLIAQPF,LEMPQ,KPKKR,
RecName: Full=Disulfide bond formation protein B {ECO:0000256|HAMAP-Rule:MF_00286}; AltName: Full=Disulfide oxidoreductase {ECO:0000256|HAMAP-Rule:MF_00286};,A0A155KM38,128,149,21,MALTAFALEMVALWFQHVMGLKPCVLCIYERCALFGIMGAGLVGAIAPKTPLRYAAIAIWLYSAGKGIALAWEHTQMQLHPSPFMTCDFAARFPSWLPLDKWLPQVFVASGDCSVRQWEFLTLEMPQWLVGIFVAYFVVALLVLIAQPFKPKKRDLFGR,WLVGIFVAYFVVALLVLIAQPF,LEMPQ,KPKKR,
RecName: Full=Disulfide bond formation protein B {ECO:0000256|HAMAP-Rule:MF_00286}; AltName: Full=Disulfide oxidoreductase {ECO:0000256|HAMAP-Rule:MF_00286};,A0A0U1L7Q0,128,149,21,MALTAFALEMVALWFQHVMGLKPCVLCIYERCALFGIMGAGLVGAIAPKSPLRYAAIAIWLYSAGKGIALAWEHTQMQLHPSPFMTCDFAARFPSWLPLDKWLPQVFVASGDCSVRQWEFLTLEMPQWLVGIFVAYFVVALLVLIAQPFKPKKRDLFGR,WLVGIFVAYFVVALLVLIAQPF,LEMPQ,KPKKR,
RecName: Full=Disulfide bond formation protein B {ECO:0000256|HAMAP-Rule:MF_00286}; AltName: Full=Disulfide oxidoreductase {ECO:0000256|HAMAP-Rule:MF_00286};,A0A0F5Y3B7,145,166,21,MLRYLNQCSRGRGAWLLLALTALALELTALWFQHVMGLKPCVMCIYERNALFGVMGAGLIGAIAPKTPLRLVALALWLYSAWQGLRLSYEHTMIQLHPNPFTTCDFAARFPSGLPLDKWLPSVFLASGDCAERSWTFLTFSMPQWMIVVFAAYLLVALLVLIAQPFKAKRRDLFSR,WMIVVFAAYLLVALLVLIAQPF,FSMPQ,KAKRR,
RecName: Full=Disulfide bond formation protein B {ECO:0000256|HAMAP-Rule:MF_00286}; AltName: Full=Disulfide oxidoreductase {ECO:0000256|HAMAP-Rule:MF_00286};,V7IQ06,128,149,21,MAFTALALEMVALWFQHVMLLKPCVLCIYERCALFGVMGAGLVGAIAPKTPLRYVAMVIWIYSAWRGLQLAYEHTMIQLHPSPFMTCDFMARFPDWLPLGKWLPQVFVASGDCAERQWSFLTLEMPQWLLGIFAAYLVVAIAVVIAQAFKPKKRDLFGR,WLLGIFAAYLVVAIAVVIAQAF,LEMPQ,KPKKR,
