Name and description, ID, tmh start location, tmh end location, tmh length, full protein sequence, tmh sequence, N flank sequence, C flank sequence, Hydrophobicity of TMH, Hydrophobicity of TMH and flanks, Disorder of TMH, Disorder of TMH and flanks, Entropy of TMH, Entropy of TMH and flanks
RecName: Full=BET1 homolog; Short=hBET1; AltName: Full=Golgi vesicular membrane-trafficking protein p18;,O15155,95,115,20,MRRAGLGEGVPPGNYGNYGYANSGYSACEEENERLTESLRSKVTAIKSLSIEIGHEVKTQNKLLAEMDSQFDSTTGFLGKTMGKLKILSRGSQTKLLCYMMLFSLFVFFIIYWIIKLR,KLLCYMMLFSLFVFFIIYWII,GSQT,KLR,2.223809523809524,1.3107142857142857,-0.2577000000000001,-0.2010357142857143,3.0589840894454263,3.5355820479705753,
RecName: Full=Syntaxin-18; AltName: Full=Cell growth-inhibiting gene 9 protein;,Q9P2W9,310,330,20,MAVDITLLFRASVKTVKTRNKALGVAVGGGVDGSRDELFRRSPRPKGDFSSRAREVISHIGKLRDFLLEHRKDYINAYSHTMSEYGRMTDTERDQIDQDAQIFMRTCSEAIQQLRTEAHKEIHSQQVKEHRTAVLDFIEDYLKRVCKLYSEQRAIRVKRVVDKKRLSKLEPEPNTKTRESTSSEKVSQSPSKDSEENPATEERPEKILAETQPELGTWGDGKGEDELSPEEIQMFEQENQRLIGEMNSLFDEVRQIEGRVVEISRLQEIFTEKVLQQEAEIDSIHQLVVGATENIKEGNEDIREAIKNNAGFRVWILFFLVMCSFSLLFLDWYDS,AGFRVWILFFLVMCSFSLLFL,IKNN,DWYDS,2.128571428571428,0.9433333333333332,-0.20074619047619044,-0.137699,3.0961611871181116,3.641084980573949,
RecName: Full=Syntaxin-1B; AltName: Full=Syntaxin-1B1; AltName: Full=Syntaxin-1B2;,P61266,265,288,23,MKDRTQELRSAKDSDDEEEVVHVDRDHFMDEFFEQVEEIRGCIEKLSEDVEQVKKQHSAILAAPNPDEKTKQELEDLTADIKKTANKVRSKLKAIEQSIEQEEGLNRSSADLRIRKTQHSTLSRKFVEVMTEYNATQSKYRDRCKDRIQRQLEITGRTTTNEELEDMLESGKLAIFTDDIKMDSQMTKQALNEIETRHNEIIKLETSIRELHDMFVDMAMLVESQGEMIDRIEYNVEHSVDYVERAVSDTKKAVKYQSKARRKKIMIIICCVVLGVVLASSIGGTLGL,IMIIICCVVLGVVLASSIGGTLGL,RRKK,,2.4708333333333328,1.5178571428571426,-0.1457425,-0.14468499999999998,2.934560814286289,3.2498677622562893,
RecName: Full=Syntaxin-7;,O15400,239,259,20,MSYTPGVGGDPAQLAQRISSNIQKITQCSVEIQRTLNQLGTPQDSPELRQQLQQKQQYTNQLAKETDKYIKEFGSLPTTPSEQRQRKIQKDRLVAEFTTSLTNFQKVQRQAAEREKEFVARVRASSRVSGSFPEDSSKERNLVSWESQTQPQVQVQDEEITEDDLRLIHERESSIRQLEADIMDINEIFKDLGMMIHEQGDVIDSIEANVENAEVHVQQANQQLSRAADYQRKSRKTLCIIILILVIGVAIISLIIWGLNH,CIIILILVIGVAIISLIIWGL,RKTL,NH,3.1380952380952385,1.9962962962962962,-0.25880809523809534,-0.21526037037037035,2.462349565017769,3.120111002629484,
RecName: Full=Syntaxin-8;,Q9UNK0,216,232,16,MAPDPWFSTYDSTCQIAQEIAEKIQQRNQYERKGEKAPKLTVTIRALLQNLKEKIALLKDLLLRAVSTHQITQLEGDRRQNLLDDLVTRERLLLASFKNEGAEPDLIRSSLMSEEAKRGAPNPWLFEEPEETRGLGFDEIRQQQQKIIQEQDAGLDALSSIISRQKQMGQEIGNELDEQNEIIDDLANLVENTDEKLRNETRRVNMVDRKSASCGMIMVILLLLVAIVVVAVWPTN,MIMVILLLLVAIVVVAV,ASCG,WPTN,3.605882352941176,2.3080000000000003,-0.3476705882352942,-0.2025308,2.1895415173391393,3.2430741894285693,
RecName: Full=BET1-like protein; AltName: Full=Golgi SNARE with a size of 15 kDa; Short=GOS-15; Short=GS15; AltName: Full=Vesicle transport protein GOS15;,Q9NYM9,87,107,20,MADWARAQSPGAVEEILDRENKRMADSLASKVTRLKSLALDIDRDAEDQNRYLDGMDSDFTSMTSLLTGSVKRFSTMARSGQDNRKLLCGMAVGLIVAFFILSYFLSRART,LLCGMAVGLIVAFFILSYFLS,DNRK,RART,2.3380952380952382,0.8896551724137932,-0.18107714285714288,-0.14578,3.1368637096073186,3.689901581992151,
RecName: Full=Syntaxin-10; Short=Syn10;,O60499,229,249,20,MSLEDPFFVVRGEVQKAVNTARGLYQRWCELLQESAAVGREELDWTTNELRNGLRSIEWDLEDLEETIGIVEANPGKFKLPAGDLQERKVFVERMREAVQEMKDHMVSPTAVAFLERNNREILAGKPAAQKSPSDLLDASAVSATSRYIEEQQATQQLIMDEQDQQLEMVSGSIQVLKHMSGRVGEELDEQGIMLDAFAQEMDHTQSRMDGVLRKLAKVSHMTSDRRQWCAIAVLVGVLLLVLILLFSL,WCAIAVLVGVLLLVLILLFSL,DRRQ,,2.999999999999999,1.88,-0.26303380952380956,-0.2334776,2.6780317084930454,3.123856189774724,
RecName: Full=Syntaxin-2; AltName: Full=Epimorphin;,P32856,265,288,23,MRDRLPDLTACRKNDDGDTVVVVEKDHFMDDFFHQVEEIRNSIDKITQYVEEVKKNHSIILSAPNPEGKIKEELEDLNKEIKKTANKIRAKLKAIEQSFDQDESGNRTSVDLRIRRTQHSVLSRKFVEAMAEYNEAQTLFRERSKGRIQRQLEITGRTTTDDELEEMLESGKPSIFTSDIISDSQITRQALNEIESRHKDIMKLETSIRELHEMFMDMAMFVETQGEMINNIERNVMNATDYVEHAKEETKKAIKYQSKARRKKWIIIAVSVVLVAIIALIIGLSVGK,WIIIAVSVVLVAIIALIIGLSVGK,RRKK,,2.5875,1.6178571428571427,-0.24484333333333333,-0.22962857142857143,2.719508336839199,2.96714822793866,
RecName: Full=Ubiquitin-conjugating enzyme E2 J1; EC=2.3.2.23; AltName: Full=E2 ubiquitin-conjugating enzyme J1; AltName: Full=Non-canonical ubiquitin-conjugating enzyme 1; Short=NCUBE-1; AltName: Full=Yeast ubiquitin-conjugating enzyme UBC6 homolog E; Short=HsUBC6e;,Q9Y385,283,303,20,METRYNLKSPAVKRLMKEAAELKDPTDHYHAQPLEDNLFEWHFTVRGPPDSDFDGGVYHGRIVLPPEYPMKPPSIILLTANGRFEVGKKICLSISGHHPETWQPSWSIRTALLAIIGFMPTKGEGAIGSLDYTPEERRALAKKSQDFCCEGCGSAMKDVLLPLKSGSDSSQADQEAKELARQISFKAEVNSSGKTISESDLNHSFSLTDLQDDIPTTFQGATASTSYGLQNSSAASFHQPTQPVAKNTSMSPRQRRAQQQSQRRLSTSPDVIQGHQPRDNHTDHGGSAVLIVILTLALAALIFRRIYLANEYIFDFEL,DHGGSAVLIVILTLALAALIF,DNHT,RRIYL,1.9952380952380953,0.9666666666666667,-0.17884904761904763,-0.15371700000000002,3.0416256143692233,3.456564762130954,
RecName: Full=Ubiquitin-conjugating enzyme E2 J2; EC=2.3.2.23; AltName: Full=E2 ubiquitin-conjugating enzyme J2; AltName: Full=Non-canonical ubiquitin-conjugating enzyme 2; Short=NCUBE-2;,Q8N2K1,227,247,20,MSSTSSKRAPTTATQRLKQDYLRIKKDPVPYICAEPLPSNILEWHYVVRGPEMTPYEGGYYHGKLIFPREFPFKPPSIYMITPNGRFKCNTRLCLSITDFHPDTWNPAWSVSTILTGLLSFMVEKGPTLGSIETSDFTKRQLAVQSLAFNLKDKVFCELFPEVVEEIKQKQKAQDELSSRPQTLPLPDVVPDGETHLVQNGIQLLNGHAPGAVPNLAGLQQANRHHGLLGGALANLFVIVGFAAFAYTVKYVLRSIAQE,GLLGGALANLFVIVGFAAFAY,NRHH,TVKYV,1.8619047619047617,0.9066666666666667,-0.13216333333333333,-0.12652166666666667,2.7559113286549373,3.3614063297218424,
RecName: Full=Vesicle transport protein USE1; AltName: Full=Putative MAPK-activating protein PM26; AltName: Full=USE1-like protein; AltName: Full=p31;,Q9NZ43,232,252,20,MAASRLELNLVRLLSRCEAMAAEKRDPDEWRLEKYVGALEDMLQALKVHASKPASEVINEYSWKVDFLKGMLQAEKLTSSSEKALANQFLAPGRVPTTARERVPATKTVHLQSRARYTSEMRSELLGTDSAEPEMDVRKRTGVAGSQPVSEKQLAAELDLVLQRHQNLQEKLAEEMLGLARSLKTNTLAAQSVIKKDNQTLSHSLKMADQNLEKLKTESERLEQHTQKSVNWLLWAMLIIVCFIFISMILFIRIMPKLK,WLLWAMLIIVCFIFISMILFI,KSVN,RIMPK,2.871428571428571,1.756666666666667,-0.28668666666666676,-0.21688066666666667,2.8559049224696933,3.401515280317513,
RecName: Full=Serine/threonine-protein kinase VRK2; EC=2.7.11.1; AltName: Full=Vaccinia-related kinase 2;,Q86Y07,487,507,20,MPPKRNEKYKLPIPFPEGKVLDDMEGNQWVLGKKIGSGGFGLIYLAFPTNKPEKDARHVVKVEYQENGPLFSELKFYQRVAKKDCIKKWIERKQLDYLGIPLFYGSGLTEFKGRSYRFMVMERLGIDLQKISGQNGTFKKSTVLQLGIRMLDVLEYIHENEYVHGDIKAANLLLGYKNPDQVYLADYGLSYRYCPNGNHKQYQENPRKGHNGTIEFTSLDAHKGVALSRRSDVEILGYCMLRWLCGKLPWEQNLKDPVAVQTAKTNLLDELPQSVLKWAPSGSSCCEIAQFLVCAHSLAYDEKPNYQALKKILNPHGIPLGPLDFSTKGQSINVHTPNSQKVDSQKAATKQVNKAHNRLIEKKVHSERSAESCATWKVQKEEKLIGLMNNEAAQESTRRRQKYQESQEPLNEVNSFPQKISYTQFPNSFYEPHQDFTSPDIFKKSRSPSWYKYTSTVSTGITDLESSTGLWPTISQFTLSEETNADVYYYRIIIPVLLMLVFLALFFL,VYYYRIIIPVLLMLVFLALFF,TNAD,L,2.247619047619047,1.7346153846153844,-0.2631361904761905,-0.21765115384615383,2.9337845426315847,3.295465679180291,
RecName: Full=Sarcolemmal membrane-associated protein; Short=Sarcolemmal-associated protein;,Q14BN4,803,823,20,MPSALAIFTCRPNSHPFQERHVYLDEPIKIGRSVARCRPAQNNATFDCKVLSRNHALVWFDHKTGKFYLQDTKSSNGTFINSQRLSRGSEESPPCEILSGDIIQFGVDVTENTRKVTHGCIVSTIKLFLPDGMEARLRSDVIHAPLPSPVDKVAANTPSMYSQELFQLSQYLQEALHREQMLEQKLATLQRLLAITQEASDTSWQALIDEDRLLSRLEVMGNQLQACSKNQTEDSLRKELIALQEDKHNYETTAKESLRRVLQEKIEVVRKLSEVERSLSNTEDECTHLKEMNERTQEELRELANKYNGAVNEIKDLSDKLKVAEGKQEEIQQKGQAEKKELQHKIDEMEEKEQELQAKIEALQADNDFTNERLTALQVRLEHLQEKTLKECSSLEHLLSKSGGDCTFIHQFIECQKKLIVEGHLTKAVEETKLSKENQTRAKESDFSDTLSPSKEKSSDDTTDAQMDEQDLNEPLAKVSLLKDDLQGAQSEIEAKQEIQHLRKELIEAQELARTSKQKCFELQALLEEERKAYRNQVEESTKQIQVLQAQLQRLHIDTENLREEKDSEITSTRDELLSARDEILLLHQAAAKVASERDTDIASLQEELKKVRAELERWRKAASEYEKEITSLQNSFQLRCQQCEDQQREEATRLQGELEKLRKEWNALETECHSLKRENVLLSSELQRQEKELHNSQKQSLELTSDLSILQMSRKELENQVGSLKEQHLRDSADLKTLLSKAENQAKDVQKEYEKTQTVLSELKLKFEMTEQEKQSITDELKQCKNNLKLLREKGNNKPWPWMPMLAALVAVTAIVLYVPGLARASP,WMPMLAALVAVTAIVLYVPGL,KPWP,ARASP,1.9523809523809523,0.9899999999999999,-0.17718000000000006,-0.09880266666666666,3.0589840894454263,3.3362434129830607,
RecName: Full=Protein KASH5; AltName: Full=Coiled-coil domain-containing protein 155; AltName: Full=KASH domain-containing protein 5;,Q8N6L0,522,542,20,MDLPEGPVGGPTAEMYLRERPEEARLGMPVSLEEQILNSTFEACDPQRTGTVAVAQVLAYLEAVTGQGPQDARLQTLANSLDPNGEGPKATVDLDTFLVVMRDWIAACQLHGGLELEEETAFQGALTSRQLPSGCPEAEEPANLESFGGEDPRPELQATADLLSSLEDLELSNRRLVGENAKLQRSMETAEEGSARLGEEILALRKQLHSTQQALQFAKAMDEELEDLKTLARSLEEQNRSLLAQARQAEKEQQHLVAEMETLQEENGKLLAERDGVKKRSQELAMEKDTLKRQLFECEHLICQRDTILSERTRDVESLAQTLEEYRVTTQELRLEISRLEEQLSQTYEGPDELPEGAQLRRVGWTELLPPSLGLEIEAIRQKQEVATADLSNPLCGVWQWEEVIHETSEETEFPSEAPAGGQRNFQGEPAHPEEGRKEPSMWLTRREEEEDAESQVTADLPVPLGAPRPGDIPENPPERPARRELQQALVPVMKKLVPVRRRAWGQLCLPPQRLRVTRHPLIPAPVLGLLLLLLLSVLLLGPSPPPTWPHLQLCYLQPPPV,LIPAPVLGLLLLLLLSVLLLG,TRHP,PSPPP,2.6428571428571423,1.2766666666666666,-0.16177714285714287,-0.022059000000000002,2.0580531366523855,2.6178561135066154,
RecName: Full=Mono [ADP-ribose] polymerase PARP16 {ECO:0000305}; EC=2.4.2.30 {ECO:0000269|PubMed:22701565}; AltName: Full=ADP-ribosyltransferase diphtheria toxin-like 15 {ECO:0000303|PubMed:20106667}; AltName: Full=Poly [ADP-ribose] polymerase 16; Short=PARP-16;,Q8N5Y8,288,308,20,MQPSGWAAAREAAGRDMLAADLRCSLFASALQSYKRDSVLRPFPASYARGDCKDFEALLADASKLPNLKELLQSSGDNHKRAWDLVSWILSSKVLTIHSAGKAEFEKIQKLTGAPHTPVPAPDFLFEIEYFDPANAKFYETKGERDLIYAFHGSRLENFHSIIHNGLHCHLNKTSLFGEGTYLTSDLSLALIYSPHGHGWQHSLLGPILSCVAVCEVIDHPDVKCQTKKKDSKEIDRRRARIKHSEGGDIPPKYFVVTNNQLLRVKYLLVYSQKPPKRASSQLSWFSSHWFTVMISLYLLLLLIVSVINSSAFQHFWNRAKR,SHWFTVMISLYLLLLLIVSVI,SWFS,NSSAF,2.147619047619048,1.4966666666666668,-0.23423333333333338,-0.16911833333333337,2.9744870651207918,3.192693196767833,
RecName: Full=Mitochondrial fission factor;,Q9GZY8,323,340,17,MSKGTSSDTSLGRVSRAAFPSPTAAEMAEISRIQYEMEYTEGISQRMRVPEKLKVAPPNADLEQGFQEGVPNASVIMQVPERIVVAGNNEDVSFSRPADLDLIQSTPFKPLALKTPPRVLTLSERPLDFLDLERPPTTPQNEEIRAVGRLKRERSMSENAVRQNGQLVRNDSLWHRSDSAPRNKISRFQAPISAPEYTVTPSPQQARVCPPHMLPEDGANLSSARGILSLIQSSTRRAYQQILDVLDENRRPVLRGGSAAATSNPHHDNVRYGISNIDTTIEGTSDDLTVVDAASLRRQIIKLNRRLQLLEEENKERAKREMVMYSITVAFWLLNSWLWFRR,VMYSITVAFWLLNSWLWF,KREM,RR,1.3222222222222222,0.19999999999999996,-0.19778277777777778,-0.1925225,3.3082708345352607,3.6572682296173897,
RecName: Full=Junctophilin-2; Short=JP-2; AltName: Full=Junctophilin type 2;,Q9BR39,675,695,20,MSGGRFDFDDGGAYCGGWEGGKAHGHGLCTGPKGQGEYSGSWNFGFEVAGVYTWPSGNTFEGYWSQGKRHGLGIETKGRWLYKGEWTHGFKGRYGIRQSSSSGAKYEGTWNNGLQDGYGTETYADGGTYQGQFTNGMRHGYGVRQSVPYGMAVVVRSPLRTSLSSLRSEHSNGTVAPDSPASPASDGPALPSPAIPRGGFALSLLANAEAAARAPKGGGLFQRGALLGKLRRAESRTSVGSQRSRVSFLKSDLSSGASDAASTASLGEAAEGADEAAPFEADIDATTTETYMGEWKNDKRSGFGVSERSSGLRYEGEWLDNLRHGYGCTTLPDGHREEGKYRHNVLVKDTKRRMLQLKSNKVRQKVEHSVEGAQRAAAIARQKAEIAASRTSHAKAKAEAAEQAALAANQESNIARTLARELAPDFYQPGPEYQKRRLLQEILENSESLLEPPDRGAGAAGLPQPPRESPQLHERETPRPEGGSPSPAGTPPQPKRPRPGVSKDGLLSPGAWNGEPSGEGSRSVTPSEGAGRRSPARPATERMAIEALQAPPAPSREPEVALYQGYHSYAVRTTPPEPPPFEDQPEPEVSGSESAPSSPATAPLQAPTLRGPEPARETPAKLEPKPIIPKAEPRAKARKTEARGLTKAGAKKKARKEAALAAEAEVEVEEVPNTILICMVILLNIGLAILFVHLLT,ILICMVILLNIGLAILFVHLL,VPNT,T,2.8285714285714283,2.196153846153846,-0.25311095238095244,-0.1885207692307692,2.8084543309292345,3.161362316948649,
RecName: Full=Junctophilin-3; Short=JP-3; AltName: Full=Junctophilin type 3; AltName: Full=Trinucleotide repeat-containing gene 22 protein;,Q8WXH2,728,748,20,MSSGGRFNFDDGGSYCGGWEDGKAHGHGVCTGPKGQGEYTGSWSHGFEVLGVYTWPSGNTYQGTWAQGKRHGIGLESKGKWVYKGEWTHGFKGRYGVRECAGNGAKYEGTWSNGLQDGYGTETYSDGGTYQGQWVGGMRQGYGVRQSVPYGMAAVIRSPLRTSINSLRSEHTNGTALHPDASPAVAGSPAVSRGGFVLVAHSDSEILKSKKKGLFRRSLLSGLKLRKSESKSSLASQRSKQSSFRSEAGMSTVSSTASDIHSTISLGEAEAELAVIEDDIDATTTETYVGEWKNDKRSGFGVSQRSDGLKYEGEWASNRRHGYGCMTFPDGTKEEGKYKQNILVGGKRKNLIPLRASKIREKVDRAVEAAERAATIAKQKAEIAASRTSHSRAKAEAALTAAQKAQEEARIARITAKEFSPSFQHRENGLEYQRPKRQTSCDDIEVLSTGTPLQQESPELYRKGTTPSDLTPDDSPLQSFPTSPAATPPPAPAARNKVAHFSRQVSVDEERGGDIQMLLEGRAGDCARSSWGEEQAGGSRGVRSGALRGGLLVDDFRTRGSGRKQPGNPKPRERRTESPPVFTWTSHHRASNHSPGGSRLLELQEEKLSNYRMEMKPLLRMETHPQKRRYSKGGACRGLGDDHRPEDRGFGVQRLRSKAQNKENFRPASSAEPAVQKLASLRLGGAEPRLLRWDLTFSPPQKSLPVALESDEENGDELKSSTGSAPILVVMVILLNIGVAILFINFFI,LVVMVILLNIGVAILFINFFI,SAPI,,2.8190476190476184,2.524,-0.25137047619047626,-0.2106944,2.7559113286549373,3.0332696895151083,
RecName: Full=Calmin; AltName: Full=Calponin-like transmembrane domain protein;,Q96JQ2,977,997,20,MAAHEWDWFQREELIGQISDIRVQNLQVERENVQKRTFTRWINLHLEKCNPPLEVKDLFVDIQDGKILMALLEVLSGRNLLHEYKSSSHRIFRLNNIAKALKFLEDSNVKLVSIDAAEIADGNPSLVLGLIWNIILFFQIKELTGNLSRNSPSSSLSPGSGGTDSDSSFPPTPTAERSVAISVKDQRKAIKALLAWVQRKTRKYGVAVQDFAGSWRSGLAFLAVIKAIDPSLVDMKQALENSTRENLEKAFSIAQDALHIPRLLEPEDIMVDTPDEQSIMTYVAQFLERFPELEAEDIFDSDKEVPIESTFVRIKETPSEQESKVFVLTENGERTYTVNHETSHPPPSKVFVCDKPESMKEFRLDGVSSHALSDSSTEFMHQIIDQVLQGGPGKTSDISEPSPESSILSSRKENGRSNSLPIKKTVHFEADTYKDPFCSKNLSLCFEGSPRVAKESLRQDGHVLAVEVAEEKEQKQESSKIPESSSDKVAGDIFLVEGTNNNSQSSSCNGALESTARHDEESHSLSPPGENTVMADSFQIKVNLMTVEALEEGDYFEAIPLKASKFNSDLIDFASTSQAFNKVPSPHETKPDEDAEAFENHAEKLGKRSIKSAHKKKDSPEPQVKMDKHEPHQDSGEEAEGCPSAPEETPVDKKPEVHEKAKRKSTRPHYEEEGEDDDLQGVGEELSSSPPSSCVSLETLGSHSEEGLDFKPSPPLSKVSVIPHDLFYFPHYEVPLAAVLEAYVEDPEDLKNEEMDLEEPEGYMPDLDSREEEADGSQSSSSSSVPGESLPSASDQVLYLSRGGVGTTPASEPAPLAPHEDHQQRETKENDPMDSHQSQESPNLENIANPLEENVTKESISSKKKEKRKHVDHVESSLFVAPGSVQSSDDLEEDSSDYSIPSRTSHSDSSIYLRRHTHRSSESDHFSYVQLRNAADLDDRRNRILTRKANSSGEAMSLGSHSPQSDSLTQLVQQPDMMYFILFLWLLVYCLLLFPQLDVSRL,MMYFILFLWLLVYCLLLFPQL,QQPD,DVSRL,2.152380952380952,1.0766666666666667,-0.23568000000000003,-0.16916266666666674,2.83256087505669,3.3055872616982604,
RecName: Full=GTPase IMAP family member 1; AltName: Full=Immunity-associated protein 1; Short=hIMAP1;,Q8WWP7,273,292,19,MGGRKMATDEENVYGLEENAQSRQESTRRLILVGRTGAGKSATGNSILGQRRFFSRLGATSVTRACTTGSRRWDKCHVEVVDTPDIFSSQVSKTDPGCEERGHCYLLSAPGPHALLLVTQLGRFTAQDQQAVRQVRDMFGEDVLKWMVIVFTRKEDLAGGSLHDYVSNTENRALRELVAECGGRVCAFDNRATGREQEAQVEQLLGMVEGLVLEHKGAHYSNEVYELAQVLRWAGPEERLRRVAERVAARVQRRPWGAWLSARLWKWLKSPRSWRLGLALLLGGALLFWVLLHRRWSEAVAEVGPD,SWRLGLALLLGGALLFWVLL,KSPR,HRRWS,1.825,0.40689655172413786,-0.169849,-0.11839172413793105,2.457717469130148,3.0374986668699444,
RecName: Full=Amine oxidase [flavin-containing] A; EC=1.4.3.4; AltName: Full=Monoamine oxidase type A; Short=MAO-A;,P21397,498,518,20,MENQEKASIAGHMFDVVVIGGGISGLSAAKLLTEYGVSVLVLEARDRVGGRTYTIRNEHVDYVDVGGAYVGPTQNRILRLSKELGIETYKVNVSERLVQYVKGKTYPFRGAFPPVWNPIAYLDYNNLWRTIDNMGKEIPTDAPWEAQHADKWDKMTMKELIDKICWTKTARRFAYLFVNINVTSEPHEVSALWFLWYVKQCGGTTRIFSVTNGGQERKFVGGSGQVSERIMDLLGDQVKLNHPVTHVDQSSDNIIIETLNHEHYECKYVINAIPPTLTAKIHFRPELPAERNQLIQRLPMGAVIKCMMYYKEAFWKKKDYCGCMIIEDEDAPISITLDDTKPDGSLPAIMGFILARKADRLAKLHKEIRKKKICELYAKVLGSQEALHPVHYEEKNWCEEQYSGGCYTAYFPPGIMTQYGRVIRQPVGRIFFAGTETATKWSGYMEGAVEAGERAAREVLNGLGKVTEKDIWVQEPESKDVPAVEITHTFWERNLPSVSGLLKIIGFSTSVTALGFVLYKYKLLPRS,VSGLLKIIGFSTSVTALGFVL,NLPS,YKYKL,1.6809523809523812,0.8866666666666667,-0.1153057142857143,-0.09291300000000001,3.0463811129458835,3.381076011914607,
RecName: Full=Cell cycle exit and neuronal differentiation protein 1; AltName: Full=BM88 antigen;,Q8N111,126,146,20,MESRGKSASSPKPDTKVPQVTTEAKVPPAADGKAPLTKPSKKEAPAEKQQPPAAPTTAPAKKTSAKADPALLNNHSNLKPAPTVPSSPDATPEPKGPGDGAEEDEAASGGPGGRGPWSCENFNPLLVAGGVAVAAIALILGVAFLVRKK,LVAGGVAVAAIALILGVAFLV,FNPL,RKK,2.7428571428571424,1.671428571428571,-0.2201057142857143,-0.17072428571428572,2.3983029951155594,3.0400712272231747,
RecName: Full=Golgin subfamily A member 5; AltName: Full=Cell proliferation-inducing gene 31 protein; AltName: Full=Golgin-84; AltName: Full=Protein Ret-II; AltName: Full=RET-fused gene 5 protein;,Q8TBA6,699,719,20,MSWFVDLAGKAEDLLNRVDQGAATALSRKDNASNIYSKNTDYTELHQQNTDLIYQTGPKSTYISSAADNIRNQKATILAGTANVKVGSRTPVEASHPVENASVPRPSSHFVRRKKSEPDDELLFDFLNSSQKEPTGRVEIRKEKGKTPVFQSSQTSSVSSVNPSVTTIKTIEENSFGSQTHEAASNSDSSHEGQEESSKENVSSNAACPDHTPTPNDDGKSHELSNLRLENQLLRNEVQSLNQEMASLLQRSKETQEELNKARARVEKWNADHSKSDRMTRGLRAQVDDLTEAVAAKDSQLAVLKVRLQEADQLLSTRTEALEALQSEKSRIMQDQSEGNSLQNQALQTFQERLHEADATLKREQESYKQMQSEFAARLNKVEMERQNLAEAITLAERKYSDEKKRVDELQQQVKLYKLNLESSKQELIDYKQKATRILQSKEKLINSLKEGSGFEGLDSSTASSMELEELRHEKEMQREEIQKLMGQIHQLRSELQDMEAQQVNEAESAREQLQDLHDQIAGQKASKQELETELERLKQEFHYIEEDLYRTKNTLQSRIKDRDEEIQKLRNQLTNKTLSNSSQSELENRLHQLTETLIQKQTMLESLSTEKNSLVFQLERLEQQMNSASGSSSNGSSINMSGIDNGEGTRLRNVPVLFNDTETNLAGMYGKVRKAASSIDQFSIRLGIFLRRYPIARVFVIIYMALLHLWVMIVLLTYTPEMHHDQPYGK,VFVIIYMALLHLWVMIVLLTY,PIAR,TPEMH,2.395238095238095,1.4466666666666665,-0.2900352380952381,-0.20898,3.041625614369223,3.494739663055176,
RecName: Full=GTPase IMAP family member 5; AltName: Full=Immunity-associated nucleotide 4-like 1 protein; AltName: Full=Immunity-associated nucleotide 5 protein; Short=IAN-5; Short=hIAN5; AltName: Full=Immunity-associated protein 3;,Q96F15,285,305,20,MGGFQRGKYGTMAEGRSEDNLSATPPALRIILVGKTGCGKSATGNSILGQPVFESKLRAQSVTRTCQVKTGTWNGRKVLVVDTPSIFESQADTQELYKNIGDCYLLSAPGPHVLLLVIQLGRFTAQDTVAIRKVKEVFGTGAMRHVVILFTHKEDLGGQALDDYVANTDNCSLKDLVRECERRYCAFNNWGSVEEQRQQQAELLAVIERLGREREGSFHSNDLFLDAQLLQRTGAGACQEDYRQYQAKVEWQVEKHKQELRENESNWAYKALLRVKHLMLLHYEIFVFLLLCSILFFIIFLFIFHYI,IFVFLLLCSILFFIIFLFIFH,LHYE,YI,3.038095238095237,2.3259259259259264,-0.2685480952380953,-0.2600225925925926,2.3508524035751006,2.730034373902095,
RecName: Full=Myotonin-protein kinase; Short=MT-PK; EC=2.7.11.1; AltName: Full=DM-kinase; Short=DMK; AltName: Full=DM1 protein kinase; AltName: Full=DMPK; AltName: Full=Myotonic dystrophy protein kinase;,Q09013,591,611,20,MSAEVRLRRLQQLVLDPGFLGLEPLLDLLLGVHQELGASELAQDKYVADFLQWAEPIVVRLKEVRLQRDDFEILKVIGRGAFSEVAVVKMKQTGQVYAMKIMNKWDMLKRGEVSCFREERDVLVNGDRRWITQLHFAFQDENYLYLVMEYYVGGDLLTLLSKFGERIPAEMARFYLAEIVMAIDSVHRLGYVHRDIKPDNILLDRCGHIRLADFGSCLKLRADGTVRSLVAVGTPDYLSPEILQAVGGGPGTGSYGPECDWWALGVFAYEMFYGQTPFYADSTAETYGKIVHYKEHLSLPLVDEGVPEEARDFIQRLLCPPETRLGRGGAGDFRTHPFFFGLDWDGLRDSVPPFTPDFEGATDTCNFDLVEDGLTAMVSGGGETLSDIREGAPLGVHLPFVGYSYSCMALRDSEVPGPTPMELEAEQLLEPHVQAPSLEPSVSPQDETAEVAVPAAVPAAEAEAEVTLRELQEALEEEVLTRQSLSREMEAIRTDNQNFASQLREAEARNRDLEAHVRQLQERMELLQAEGATAVTGVPSPRATDPPSHLDGPPAVAVGQCPLVGPGPMHRRHLLLPARVPRPGLSEALSLLLFAVVLSRAAALGCIGLVAHAGQLTAVWRRPGAARAP,LLLFAVVLSRAAALGCIGLVA,EALS,HAGQL,2.2904761904761903,1.5966666666666665,-0.2059061904761905,-0.178015,2.7792553760679404,3.0681819469841796,
RecName: Full=Vesicle-associated membrane protein 4; Short=VAMP-4;,O75379,116,136,20,MPPKFKRHLNDDDVTGSVKSERRNLLEDDSDEEEDFFLRGPSGPRFGPRNDKIKHVQNQVDEVIDVMQENITKVIERGERLDELQDKSESLSDNATAFSNRSKQLRRQMWWRGCKIKAIMALVAAILLLVIIILIVMKYRT,IKAIMALVAAILLLVIIILIV,RGCK,MKYRT,3.2523809523809524,1.7833333333333337,-0.3417152380952382,-0.25786100000000006,2.2963168308262123,3.1478605978362864,
RecName: Full=Vesicle-associated membrane protein 5; Short=VAMP-5; AltName: Full=Myobrevin;,O95183,73,93,20,MAGIELERCQQQANEVTEIMRNNFGKVLERGVKLAELQQRSDQLLDMSSTFNKTTQNLAQKKCWENIRYRICVGLVVVGVLLIILIVLLVVFLPQSSDSSSAPRTQDAGIASGPGN,VGLVVVGVLLIILIVLLVVFL,YRIC,PQSSD,3.6047619047619044,2.2233333333333336,-0.2895609523809525,-0.20080800000000004,1.9920139962755845,3.051841113795078,
RecName: Full=Regulator of G-protein signaling 9-binding protein; AltName: Full=RGS9-anchoring protein;,Q6ZS82,211,231,20,MAREECKALLDGLNKTTACYHHLVLTVGGSADSQNLRQELQKTRQKAQELAVSTCARLTAVLRDRGLAADERAEFERLWVAFSGCLDLLEADMRRALELGAAFPLHAPRRPLVRTGVAGASSGVAARALSTRSLRLEAEGDFDVADLRELEREVLQVGEMIDNMEMKVNVPRWTVQARQAAGAELLSTVSAGPSSVVSLQERGGGCDPRKALAAILFGAVLLAAVALAVCVAKLS,ALAAILFGAVLLAAVALAVCV,DPRK,AKLS,2.838095238095238,1.6206896551724137,-0.26459142857142864,-0.19344241379310342,2.3156678763770078,2.9945637531514437,
RecName: Full=Retinol dehydrogenase 16; EC=1.1.-.-; AltName: Full=Microsomal NAD(+)-dependent retinol dehydrogenase 4; Short=RoDH-4; AltName: Full=Short chain dehydrogenase/reductase family 9C member 8; AltName: Full=Sterol/retinol dehydrogenase;,O75452,289,309,20,MWLYLAVFVGLYYLLHWYRERQVLSHLRDKYVFITGCDSGFGKLLARQLDARGLRVLAACLTEKGAEQLRGQTSDRLETVTLDVTKTESVAAAAQWVKECVRDKGLWGLVNNAGISLPTAPNELLTKQDFVTILDVNLLGVIDVTLSLLPLVRRARGRVVNVSSVMGRVSLFGGGYCISKYGVEAFSDSLRRELSYFGVKVAMIEPGYFKTAVTSKERFLKSFLEIWDRSSPEVKEAYGEKFVADYKKSAEQMEQKCTQDLSLVTNCMEHALIACHPRTRYSAGWDAKLLYLPMSYMPTFLVDAIMYWVSPSPAKAL,LLYLPMSYMPTFLVDAIMYWV,WDAK,SPSPA,1.2095238095238092,0.5300000000000001,-0.1472861904761905,-0.07805100000000001,3.3680424225727155,3.5395722619867227,
RecName: Full=TRAF3-interacting JNK-activating modulator; AltName: Full=TRAF3-interacting protein 3;,Q9Y228,527,544,17,MISPDPRPSPGLARWAESYEAKCERRQEIRESRRCRPNVTTCRQVGKTLRIQQREQLQRARLQQFFRRRNLELEEKGKAQHPQAREQGPSRRPGQVTVLKEPLSCARRISSPREQVTGTSSEVFPAQHPPPSGICRDLSDHLSSQAGGLPPQDTPIKKPPKHHRGTQTKAEGPTIKNDASQQTNYGVAVLDKEIIQLSDYLKEALQRELVLKQKMVILQDLLSTLIQASDSSWKGQLNEDKLKGKLRSLENQLYTCTQKYSPWGMKKVLLEMEDQKNSYEQKAKESLQKVLEEKMNAEQQLQSTQRSLALAEQKCEEWRSQYEALKEDWRTLGTQHRELESQLHVLQSKLQGADSRDLQMNQALRFLENEHQQLQAKIECLQGDRDLCSLDTQDLQDQLKRSEAEKLTLVTRVQQLQGLLQNQSLQLQEQEKLLTKKDQALPVWSPKSFPNEVEPEGTGKEKDWDLRDQLQKKTLQLQAKEKECRELHSELDNLSDEYLSCLRKLQHCREELNQSQQLPPRRQCGRWLPVLMVVIAAALAVFLANKDNLMI,WLPVLMVVIAAALAVFLA,QCGR,NKDNL,2.65,1.155555555555556,-0.26493944444444445,-0.1653966666666667,2.636056086195823,3.5245437633162986,
RecName: Full=Vesicle-trafficking protein SEC22b; AltName: Full=ER-Golgi SNARE of 24 kDa; Short=ERS-24; Short=ERS24; AltName: Full=SEC22 vesicle-trafficking protein homolog B; AltName: Full=SEC22 vesicle-trafficking protein-like 1; Short=mSec22b;,O08547,195,215,20,MVLLTMIARVADGLPLAASMQEDEQSGRDLQQYQSQAKQLFRKLNEQSPTRCTLEAGAMTFHYIIEQGVCYLVLCEAAFPKKLAFAYLEDLHSEFDEQHGKKVPTVSRPYSFIEFDTFIQKTKKLYIDSRARRNLGSINTELQDVQRIMVANIEEVLQRGEALSALDSKANNLSSLSKKYRQDAKYLNMRSTYAKLAAVAVFFIMLIVYVRFWWL,KLAAVAVFFIMLIVYVRFWWL,STYA,,1.9714285714285713,1.6159999999999999,-0.28862714285714286,-0.25513840000000004,3.141619208183979,3.3834651896016465,
RecName: Full=Syntaxin-3;,Q64704,264,283,19,MKDRLEQLKAKQLTQDDDTDEVEIAIDNTAFMDEFFSEIEETRLNIDKISEHVEEAKKLYSIILSAPIPEPKTKDDLEQLTTEIKKRANNVRNKLKSMEKHIEEDEVRSSADLRIRKSQHSVLSRKFVEVMTKYNEAQVDFRERSKGRIQRQLEITGKKTTDEELEEMLESGNPAIFTSGIIDSQISKQALSEIEGRHKDIVRLESSIKELHDMFMDIAMLVENQGEMLDNIELNVMHTVDHVEKARDETKRAMKYQGQARKKLIIIIVVVVVLLGILALIIGLSVGLK,LIIIIVVVVVLLGILALIIG,ARKK,LSVGL,3.624999999999999,2.5034482758620684,-0.29856550000000004,-0.24467413793103449,2.07838982472352,2.665993704944922,
RecName: Full=Syntaxin-4;,P70452,275,295,20,MRDRTHELRQGDNISDDEDEVRVALVVHSGAARLGSPDDEFFQKVQTIRQTMAKLESKVRELEKQQVTILATPLPEESMKQGLQNLREEIKQLGREVRAQLKAIEPQKEEADENYNSVNTRMKKTQHGVLSQQFVELINKCNSMQSEYREKNVERIRRQLKITNAGMVSDEELEQMLDSGQSEVFVSNILKDTQVTRQALNEISARHSEIQQLERSIRELHEIFTFLATEVEMQGEMINRIEKNILSSADYVERGQEHVKIALENQKKARKKKVMIAICVSVTVLILAVIIGITITVG,MIAICVSVTVLILAVIIGITI,KKKV,TVG,2.919047619047619,2.0321428571428575,-0.25459619047619053,-0.2134657142857143,2.7898657820928925,2.9976751198055647,
RecName: Full=Syntaxin-5;,Q8K1E0,334,354,20,MIPRKRYGSKNTDQGVYLGLSKTQVLSPATAISSSSDSTPLPTPVALVPSPPDTMSCRDRTQEFQSACKSLQSRQNGIQTSKPALHAARQCSEFTLMARRIGKDLSNTFAKLEKLTILAKRKSLFDDKAVEIEELTYIIKQDINSLNKQIAQLQDFVRAKGSQSGRHLQTHSNTIVVSLQSKLASMSNDFKSVLEVRTENLKQQRNRREQFSRAPVSALPLAPNNLGGGPIILGAESRASRDVAIDMMDPRTSQQLQLIDEQDSYIQSRADTMQNIESTIVELGSIFQQLAHMVKEQEETIQRIDENVLGAQLDVEAAHSEILKYFQSVTSNRWLMVKIFLILIVFFIIFVVFLA,WLMVKIFLILIVFFIIFVVFL,TSNR,A,3.1238095238095234,2.226923076923077,-0.3192790476190477,-0.2600515384615384,2.5247326156895404,3.192005835492106,
RecName: Full=Vesicle transport protein SEC20;,Q6QD59,200,220,20,MAAPQDVHVRICNQEIVKFDLEVKALIQDIRDCSGPLSELTELNTKVKEKFQQLKQRIQELEQSAREQDKESEKQLLLQEVENHKKQMLSNQTSWRKANLTCKLAIDNLEKAELLQGGDSLRQRKTTKESLAQTSSSITESLMGISRMMSQQVQQSEEAMQTLVSSSRTLLDANEEFKSMSGTIQLGRKLITKYNRRELTDKLLIFLALALFLATVLYIVKKRLFPFL,TDKLLIFLALALFLATVLYIV,RREL,KKRLF,2.1380952380952385,1.0166666666666668,-0.25144380952380957,-0.23721300000000003,2.8491568534184415,3.1219280948873624,
RecName: Full=Syntaxin-16;,Q8BVI5,303,323,20,MATRRLTDAFLLLRNNSIQTRQLLAEQVSSHTTSSPLHSRSIAAELDELADDRMALVSGISLDPEAAIGVTKRSPPKWVDGVDEIQYDVGRIKQKMKELASLHDKHLNRPTLDDSSEEEHAIEITTQEVTQLFHRCQRAVQALPSRARRACSEQEERLLRNVVASLAQALQELSTSFRHAQSDYLKRMKNREERSQHFFDTPVPLMDDGDDATLYGQGFTDDQLVLVEQNTLMVEEREREIRQIVQSISDLNEIFRDLGAMIVEQGTVLDRIDYNVEQSCVKTEDGLKQLHKAEQYQKKNRKMLVIVILVAVIIVLLVALVAVKSR,MLVIVILVAVIIVLLVALVAV,KNRK,KSR,3.7095238095238097,1.8892857142857142,-0.356122380952381,-0.2771160714285714,2.0892446619882707,2.838804369244613,
RecName: Full=Synaptojanin-2-binding protein {ECO:0000250|UniProtKB:P57105}; AltName: Full=Activin receptor-interacting protein 2 {ECO:0000303|PubMed:11882656}; AltName: Full=Activin receptor-interacting protein 4 {ECO:0000312|EMBL:AAT70239.1}; AltName: Full=Mitochondrial outer membrane protein 25 {ECO:0000250|UniProtKB:P57105};,Q9D6K5,118,138,20,MNGRVDYLVTEEEINLTRGPSGLGFNIVGGTDQQYVSNDSGIYVSRIKEDGAAAQDGRLQEGDKILSVNGQDLKNLLHQDAVDLFRNAGCAVSLRVQHRLPVQNGPIVHRGEGEPSGVPVAMVLLPVFALTMVAVWAFVRYRKQL,VPVAMVLLPVFALTMVAVWAF,EPSG,VRYRK,2.3047619047619046,1.0699999999999998,-0.20999190476190477,-0.15110166666666672,2.760666827231598,3.4681819469841795,
RecName: Full=Vesicle-associated membrane protein-associated protein B; Short=VAMP-B; Short=VAMP-associated protein B; Short=VAP-B; AltName: Full=VAMP-associated protein 33b;,Q9QY76,219,239,20,MAKVEQVLSLEPQHELKFRGPFTDVVTTNLKLGNPTDRNVCFKVKTTVPRRYCVRPNSGVIDAGASLNVSVMLQPFDYDPNEKSKHKFMVQSMFAPPDTSDMEAVWKEAKPEDLMDSKLRCVFELPAENAKPHDVEINKIIPTSASKTEAPAAAKSLTSPLDDTEVKKVMEECRRLQGEVQRLREESRQLKEEDGLRVRKAMPSNSPVAALAATGKEEGLSARLLALVVLFFIVGVIIGKIAL,GLSARLLALVVLFFIVGVIIG,GKEE,KIAL,2.4761904761904763,1.617241379310345,-0.20044428571428574,-0.18646103448275864,2.815202399980487,3.1247167707658345,
RecName: Full=Vesicle transport through interaction with t-SNAREs homolog 1B; AltName: Full=Vesicle transport v-SNARE protein Vti1-like 1; AltName: Full=Vti1-rp1;,O88384,209,229,20,MAASAASSEHFEKLHEIFRGLLEDLQGVPERLLGTAGTEEKKKLVRDFDENQQEANETLAEMEEELRYAPLTFRNPMMSKLRNYRKDLAKLHREVRSTPLTAAPGGRGDLKYGTYTLENEHLNRLQSQRALLLQGTESLNRATQSIERSHRIATETDQIGTEIIEELGEQRDQLERTKSRLVNTNENLSKSRKILRSMSRKVITNKLLLSVIILLELAILVGLVYYKFFRHH,LSVIILLELAILVGLVYYKFF,NKLL,RHH,2.1476190476190475,1.2285714285714289,-0.2528195238095238,-0.21551071428571428,3.0104340890333376,3.324862957617357,
RecName: Full=Serine/threonine-protein kinase VRK2; EC=2.7.11.1; AltName: Full=Vaccinia-related kinase 2;,Q8BN21,482,502,20,MAPRRKEKYKLPVPLPEGKILDDMEGNRWALGKMIGSGGFGLIYLAFPTNKPNKDARHVIKLEYQENGPLFSELKFYQRAAKRECIQKWIQQRKLDYLGIPVFYGFGLTDFKGRSYRFMVMERLGIDLQKLLDQNGGFKKLTVLQLGIRMLDVLEYIHENEYVHGDIKAANLLLDFTNPDRVYLADYGLSYRYCPNGNHKQYQEDPRKGHNGTIEFTSLDAHKGVAPSRRSDVEILGYCMLHWLFGKLPWEAKLDDPVAVQTAKTNLLDELPESVLKWAPSGSSCSELVKYLMYVHNLAYDDKPDYQKLKKILNPDGVPLGPLEFSTKVQSVHVRTPAQQKVDSPKATRKPANEFPAKFPKKVHRETRARQREEQEDSQPTMLQSRPAAPENSRTRKIHEYSDIFSEMQSLQQTPSYMSFQGSYCKPYLDCTRRDPIRKPRSLPRYRHTPTGNLGVTDLESSPRFWPAIFQLTLSEETKADVYYYGITIFCLLIFVFLALYFL,VYYYGITIFCLLIFVFLALYF,TKAD,L,2.2047619047619045,1.6846153846153844,-0.2360809523809524,-0.2084903846153846,2.9277989702947855,3.224880949810312,
RecName: Full=Vesicle transport protein USE1; AltName: Full=Protein D12; AltName: Full=USE1-like protein;,Q9CQ56,243,263,20,MAQAEGAYHRPLATSRLELNLVRLLCRCESMAAEKREPDEWRLEKYVGALEDMLQALKVQASKPASEVISEYSRKVDFLKGMLQAEKLTSSSEKALANQFLAPGRVPTTAKERVPATKTVHLQSRARYTSEMRSELLGMEPSGECEVDMRKRAAKGSRPADERQSASELDLVLQRHQGLQEKLAEEMLGLARSLKTNTLAAQSVIKKDNQTLSHSLKMADQNLEKLKLESERLEQHAQKSVNWLLWAMLIVVCFVFISMILFIRIMPRLK,WLLWAMLIVVCFVFISMILFI,KSVN,RIMPR,2.8428571428571425,1.716666666666667,-0.28325238095238103,-0.21702666666666667,2.9870900416203345,3.4695767463163936,
RecName: Full=Vesicle-associated membrane protein 3; Short=VAMP-3; AltName: Full=Cellubrevin; Short=CEB; AltName: Full=Synaptobrevin-3;,P63024,82,102,20,MSTGVPSGSSAATGSNRRLQQTQNQVDEVVDIMRVNVDKVLERDQKLSELDDRADALQAGASQFETSAAKLKRKYWWKNCKMWAIGISVLVIIVIIIIVWCVS,MWAIGISVLVIIVIIIIVWCV,KNCK,S,3.0476190476190474,2.0923076923076924,-0.2885709523809525,-0.22702115384615387,2.601382162091293,3.0231458537396763,
RecName: Full=Vesicle-associated membrane protein 8 {ECO:0000303|PubMed:15363411}; Short=VAMP-8 {ECO:0000303|PubMed:15363411}; AltName: Full=Endobrevin {ECO:0000303|PubMed:15363411}; Short=Edb {ECO:0000250|UniProtKB:Q9BV40};,O70404,76,96,20,MEEASGSAGNDRVRNLQSEVEGVKNIMTQNVERILSRGENLDHLRNKTEDLEATSEHFKTTSQKVARKFWWKNVKMIVIICVIVLIIVILIILFATGTIPT,MIVIICVIVLIIVILIILFAT,KNVK,GTIPT,3.6666666666666665,2.3666666666666663,-0.3370452380952381,-0.22844499999999998,2.426402541105223,3.028934048020606,
RecName: Full=Protein KASH5; AltName: Full=Coiled-coil domain-containing protein 155; AltName: Full=KASH domain-containing protein 5;,Q80VJ8,607,627,20,MHSILRSSLSSREALRMRQLKGLRKERPGRHPLGVRLRAIWTSFLFPNPPHSGGKLRASTAAVEEHQEWSMDLPEGQAGGPTAQMYLWEQPEEASSRPLLSLEEQILNSTFEACDPHKTGTVTVAHLLAYLEAVTGQGPQDVRLQTLARSLDPYGEGAGATVELDTFLVVMRDWIAACQLQGGLERAEETAYEGALASPHLPSVCPEAEESANLESFGGEDPRPEGPATAELLSNLEDLELSNRRLAGENAKLQRSVETAEEGSARLGEEITALRKQLRSTQQALQVAKALDEELEDLKTLAKSLEEQNRSLMAQARHTEKEQQHLAAEVETLQEENEKLLAERDGVKRRSEELATEKDALKRQLCECERLICQREAVLSERTRHAESLARTLEEYRTTTQELRQEISNLEEQLSQSQEGPEELLEGAEAGRVGWIMALPPSLDLEIQAIRQEQDVASAGLSSPLYGVWQWEEVEPEPEPEPEPEPEPEPQEVEFPSEDPARQQTDLQREPVRALEGSRAPCLRLSRSQEEEEEEEESWVLADPSSPLGTYHHKLAPGSSRESCHIVPEMHQALMPVVRDLVPVERSRTQHCLHPQHSPGIRISQHPLVPTPVLGLLLLLLLSILLFSQSPPPTWPHLQLYYLQPPPV,PLVPTPVLGLLLLLLLSILLF,ISQH,SQSPP,2.4190476190476184,1.3166666666666664,-0.13787857142857143,-0.07203300000000001,2.2585728843419157,2.7847776529602823,
RecName: Full=Inactive 2'-5'-oligoadenylate synthase 1B; Short=(2-5')oligo(A) synthase 1B; Short=2-5A synthase 1B; AltName: Full=2'-5'-oligoadenylate synthase-like protein 1;,Q60856,352,370,18,MEQDLRSIPASKLDKFIENHLPDTSFCADLREVIDALCALLKDRSFRGPVRRMRASKGVKGKGTTLKGRSDADLVVFLNNLTSFEDQLNQQGVLIKEIKKQLCEVQHERRCGVKFEVHSLRSPNSRALSFKLSAPDLLKEVKFDVLPAYDLLDHLNILKKPNQQFYANLISGRTPPGKEGKLSICFMGLRKYFLNCRPTKLKRLIRLVTHWYQLCKEKLGDPLPPQYALELLTVYAWEYGSRVTKFNTAQGFRTVLELVTKYKQLQIYWTVYYDFRHQEVSEYLHQQLKKDRPVILDPADPTRNIAGLNPKDWRRLAGEAAAWLQYPCFKYRDGSSVCSWEVPTEVGVPMKYLLCRIFWLLFWSLFHFIFGKTSSG,YLLCRIFWLLFWSLFHFIF,VPMK,GKTSS,1.7315789473684209,0.9607142857142855,-0.23191210526315792,-0.14065714285714287,2.815333779292343,3.593991763091994,
RecName: Full=Mitochondrial fission factor;,Q6PCP5,272,289,17,MAEISRIQYEMEYTEGISQRMRVPEKLKVAPPNADLEQEFQDGVPNASVIMQVPERIVVTGNNEDISFSRPADLDLIQSTPFKPLALKTPPRVLTLSERPLDFLDLERPLPTPQSEESRAVGRLKRERSMSENAVRQNGQLVRNDSIVTPSPPQARVCPPHMLPEDGANLSSARGILSLIQSSTRRAYQQILDVLDENRRPVLRGGSAAATSNPHHDNVRYGISNLDAAIEGASDDMTVVDAASLRRQIIKLNRRLQLLEEENKERAKREMVMYSITVAFWLLNSWLWFRR,VMYSITVAFWLLNSWLWF,KREM,RR,1.3222222222222222,0.19999999999999996,-0.19778277777777778,-0.1925225,3.3082708345352607,3.6572682296173897,
RecName: Full=Junctophilin-2; Short=JP-2; AltName: Full=Junctophilin type 2;,Q9ET78,675,695,20,MSGGRFDFDDGGAYCGGWEGGKAHGHGLCTGPKGQGEYSGSWNFGFEVAGVYTWPSGNTFEGYWSQGKRHGLGIETKGRWLYKGEWTHGFKGRYGIRQSTNSGAKYEGTWNNGLQDGYGTETYADGGTYQGQFTNGMRHGYGVRQSVPYGMAVVVRSPLRTSLSSLRSEHSNGTVAPDSPAADGPMLPSPPVPRGGFALTLLATAEAARPQGLFTRGTLLGRLRRSESRTSLGSQRSRLSFLKSELSSGASDAASTGSLAEGAEGPDDAAAPFDADIDATTTETYMGEWKNDKRSGFGVSERSSGLRYEGEWLDNLRHGYGRTTLPDGHREEGKYRHNVLVKGTKRRVLPLKSSKVRQKVEHGVEGAQRAAAIARQKAEIAASRTSHAKAKAEAAEQAALAANQESNIARTLAKELAPDFYQPGPEYQKRRLLQEILENSESLLEPPERGLGTGLPERPRESPQLHERETPQPEGGPPSPAGTPPQPKRPRPGASKDGLLSPGSWNGEPGGEGSRPATPSDGAGRRSPARPASEHMAIEALQPPPAPSQEPEVAMYRGYHSYAVRTGPPEPPPLEDEQEPEPEPEPEVRRSDSAPPSPVSATVPEEEPPAPRSPVPAKQATLEPKPIVPKAEPKAKARKTEARGLSKAGAKKKGRKEVAQAKEAEVEVEEVPNTVLICMVILLNIGLAILFVHLLT,VLICMVILLNIGLAILFVHLL,VPNT,T,2.814285714285714,2.1846153846153844,-0.2513938095238095,-0.18713384615384615,2.849156853418441,3.1753826237409672,
RecName: Full=GTPase IMAP family member 3; AltName: Full=Immunity-associated nucleotide 4 protein; Short=IAN-4;,Q99MI6,280,300,20,METLQNVVTGGKKGGCTSGSRPLRILLVGKSGCGKSATGNSLLRRPAFESRLRGQSVTRTSQAETGTWEGRSILVVDTPPIFESKAQNQDMDKDIGDCYLLCAPGPHVLLLVTQLGRFTAEDVMAVRMVKEVFGVGVMRHMIVLFTRKEDLAEKSLEEFVTHTDNRSLRSLVQECGRRYCAFNNRASGEEQQGQLAELMALVRRLEQECEGSFHSNDLFLHAETLLREGYSVHQEAYRCYLAKVRQEVEKQRWELEEQEGSWVLKVLPIGKKLEVLHSDFCWYLVLAILIFFVFFFLLFYV,FCWYLVLAILIFFVFFFLLFY,LHSD,V,2.7047619047619045,2.2038461538461536,-0.27717,-0.237515,2.617978140453044,3.011357142722106,
RecName: Full=Calmin; AltName: Full=Calponin-like transmembrane domain protein;,Q8C5W0,1027,1047,20,MAAQEWDWFQREELIGQISDIRVQNLQVERENVQKRTFTRWINLHLEKCDPPLEVTDLFVDIQDGKILMALLEVLSGRNLLHEYKSSSHRIFRLNNIAKALKFLEDSNVKLVSIDAAEIADGNPSLVLGLIWNIILFFQIKELTGNLSRSSPSSSLSPGSGGTDSDSSYPPTPTTERSVAVAVKDQRKAIKTLLSWVQRKTRKYGVAVQDFAGSWRSGLAFLAVIKAIDPSLVDMKQALEDSTRDNLEKAFSIAHDSLHIPRLLEPEDIMVDMPDEQSIVTYVAQFLERFPELEPEDFVNPDKEAPIESTFVRIKESPSEQGSRVLLLSENGERAYTVNQETSYPPPDKVFVCDQLESPTGFCLDSAPSHKLSDSSTEFMHEIIDQVLQGSTGKTGSIAEPTPESSILSTRKDGRRSNSLPVKKTVHFEADLHKDASCSKDPFYSSDFRFEGSPKATKELSKQDGHVSLAEVSKEKKKSEQEARLVLEAASDKVPESTVDGLDAVPQDAQPSQDSSFCNGTVESPSSQGEKGPPPSSPGDHTLLANSTELKVQLLTVEPMDKEDYFECIPLKASKFNRDLVDFASTSQAFGEDPSSHEKTRGEEEGSENHAEKPGKRKSKSPRAETEAAESRLEPKKLEPPPKDPEQEDQGHALPPETPADKKPKVYEKAKRKSTRHHSEEEGEAESGFSAVCEEEIPSAPPSTSVSLETLRSHSEEGLDFKPSPPLSKISVIPHDLFYYPHYEVPLAAVLEAYAEGGEDLKSEDTDLEHPEDSYLQDSREEEADEDEEEAQSSQSSCSFSLPVDNSYPSVSEHVSHVDGSSEGPTSALGPGSPPSHEDHQPKETKENGPVESQQSQEPPNPELPTKPLEEKLTEASTSSKKKEKRKHMDHVESSLFIAPGTVRSSDDLEENSSEHKVPSRNSHSDSSIYIRRHTNRSLELDHFSYVQLRNAADLDDRRNRVLNRYNSQKLTELILQFYGIRADMKREYKHARLSMTGTNSSGEAVPLGNQSPPNDSLTQFVQQPDVIYFILFLWLLVYCLLLFPQLDVSRL,VIYFILFLWLLVYCLLLFPQL,QQPD,DVSRL,2.3857142857142852,1.2399999999999998,-0.2526619047619048,-0.18105000000000004,2.7373227798185944,3.2137576782928114,
RecName: Full=Myotonin-protein kinase; Short=MT-PK; EC=2.7.11.1; AltName: Full=DM-kinase; Short=DMK; AltName: Full=DMPK; AltName: Full=Myotonic dystrophy protein kinase; Short=MDPK;,P54265,593,613,20,MSAEVRLRQLQQLVLDPGFLGLEPLLDLLLGVHQELGASHLAQDKYVADFLQWVEPIAARLKEVRLQRDDFEILKVIGRGAFSEVAVVKMKQTGQVYAMKIMNKWDMLKRGEVSCFREERDVLVKGDRRWITQLHFAFQDENYLYLVMEYYVGGDLLTLLSKFGERIPAEMARFYLAEIVMAIDSVHRLGYVHRDIKPDNILLDRCGHIRLADFGSCLKLQPDGMVRSLVAVGTPDYLSPEILQAVGGGPGAGSYGPECDWWALGVFAYEMFYGQTPFYADSTAETYAKIVHYREHLSLPLADTVVPEEAQDLIRGLLCPAEIRLGRGGAGDFQKHPFFFGLDWEGLRDSVPPFTPDFEGATDTCNFDVVEDRLTAMVSGGGETLSDMQEDMPLGVRLPFVGYSYCCMAFRDNQVPDPTPMELEALQLPVSDLQGLDLQPPVSPPDQVAEEADLVAVPAPVAEAETTVTLQQLQEALEEEVLTRQSLSRELEAIRTANQNFSSQLQEAEVRNRDLEAHVRQLQERMEMLQAPGAAAITGVPSPRATDPPSHLDGPPAVAVGQCPLVGPGPMHRRHLLLPARIPRPGLSEARCLLLFAAALAAAATLGCTGLVAYTGGLTPVWCFPGATFAP,LLLFAAALAAAATLGCTGLVA,EARC,YTGGL,2.1190476190476186,1.3933333333333333,-0.18393238095238096,-0.13968833333333333,2.320423374953668,2.809034029956935,
RecName: Full=GTPase IMAP family member 1; AltName: Full=Immune-associated protein 38; Short=IAP38; AltName: Full=Immunity-associated protein 1;,P70224,251,266,15,MPQLRLILVGRTGTGKSATGNSILGQKCFLSRLGAVPVTRSCTLASRMWAGWQVEVVDTPDIFSSEIPRTDPGCVETARCFVLSAPGPHALLLVTQLGRFTMQDSQALAAVKRLFGKQVMARTVVVFTRQEDLAGDSLQDYVHCTDNRALRDLVAECGGRVCALNNRATGSEREAQAEQLLGMVACLVREHGGAHYSNEVYELVQDTRCADPQDQVAKVAEIVAERMQRRTRLLAGLWGWRKFYWKGWRRGFSVFLGVAILIYLLFYRKGFGDQNNR,GFSVFLGVAILIYLLF,GWRR,YRKGF,2.49375,0.8919999999999999,-0.19406125000000002,-0.14179360000000002,2.827819531114783,3.253660689688186,
RecName: Full=GTPase IMAP family member 5; AltName: Full=Immunity-associated nucleotide 4-like 1 protein; AltName: Full=Immunity-associated protein 3;,Q8BWF2,284,304,20,MEHLQKSTYGTIVQGPEAHCVQESSCLRILLVGKSGCGKSATGNSILRRPAFQSRLRGQSVTRTSQAETGTWEGRSILVVDTPPIFESKAQNQDMDKDIGDCYLLCAPGPHVLLLVTQLGRFTAEDAMAVRMVKEVFGVGVMRHMIVLFTRKEDLEEKSLEEFVTHTDNRSLRSLTQECGRRYCAFNNRASGEEQQGQLAELMALVRRLEQECEGSFHSNDLFLHAEALLREGYSVHQEAYRCYLAKVRQEVEKQRRELEEQEGSWIAKMICTVKSCWSSHTAACALLIVLGLTLLTTFINLCISRCK,ACALLIVLGLTLLTTFINLCI,SHTA,SRCK,2.3666666666666663,1.382758620689655,-0.19560000000000002,-0.15060517241379312,2.813209829505895,3.3436310999243437,
RecName: Full=Golgi SNAP receptor complex member 1; AltName: Full=28 kDa Golgi SNARE protein; AltName: Full=28 kDa cis-Golgi SNARE p28; Short=GOS-28;,O88630,230,250,20,MAAGTSNYWEDLRKQARQLENELDLKLVSFSKLCTSYSHSGSRDGGRDRYSSDTTPLLNGSSQDRMFETMAIEIEQLLARLTGVNDKMAEYTHSAGVPSLNAALMHTLQRHRDILQDYTHEFHKTKANFTAIRERENLMGSVRKDIESYKSGSGVNNRRTELFLKEHDHLRNSDRLIEETISIAMATKENMTSQRGMLKSIHSKMNTLANRFPAVNSLIQRINLRKRRDSLILGGVIGICTILLLLYAFH,SLILGGVIGICTILLLLYAFH,KRRD,,2.1380952380952376,1.14,-0.16010761904761905,-0.143516,3.0463811129458835,3.4332696895151074,
RecName: Full=Calcium-binding protein 7; Short=CaBP7; AltName: Full=Calneuron II; AltName: Full=Calneuron-2;,Q91ZM8,189,209,20,MPFHPVTAALMYRGIYTVPNLLSEQRPVDIPEDELEEIREAFKVFDRDGNGFISKQELGTAMRSLGYMPNEVELEVIIQRLDMDGDGQVDFEEFVTLLGPKLSTSGIPEKFHGTDFDTVFWKCDMQKLTVDELKRLLYDTFCEHLSMKDIENIIMTEEESHLGTAEECPVDVETCSNQQIRQTCVRKSLICAFAIAFIISVMLIAANQVLRSGMK,LICAFAIAFIISVMLIAANQV,VRKS,LRSGM,2.3666666666666667,1.4900000000000004,-0.25591523809523814,-0.20195033333333337,3.000923091880016,3.457425813763051,
RecName: Full=Calcium-binding protein 8; Short=CaBP8; AltName: Full=Calneuron I; AltName: Full=Calneuron-1;,Q9JJG7,193,213,20,MPFHHVTAGLLYKGNYLNRSLSAGSDSEQLANISVEELDEIREAFRVLDRDGNGFISKQELGMAMRSLGYMPSEVELAIIMQRLDMDGDGQVDFDEFMTILGPKLVSSEGRDGFLGNTIDSIFWQFDMQRVTLEELKHILYHAFRDHLTMKDIENIIINEEESLNETSGNCQTEFEGVHSQKQNRQTCVRKSLICAFAMAFIISVMLIAANQILRSGME,LICAFAMAFIISVMLIAANQI,VRKS,LRSGM,2.2571428571428567,1.4133333333333338,-0.2482828571428572,-0.19660766666666668,3.000923091880016,3.457425813763051,
RecName: Full=Golgin subfamily A member 5; AltName: Full=Golgin-84; AltName: Full=Protein Ret-II; AltName: Full=Protein Sumiko;,Q9QYE6,697,717,20,MSWFADLAGRAEDLLNRVDQGAATALRKENTSNIFYSKNTDYPELQQQNTDSNYQTGQKANYISSAADNIRHQKATILAGTANVKVGSRTVGDATHPTEHASAPRPSSQFVRRKKSEPDDELLFDFLNSSQKEPTGRVEVKKEKGRAPVSPSSPSGVSSVNTSVTTTKAMGGNAGSQSPGVNSSDSVPEVHKEPSEESTAPSATSEEHSSTPSDGSSRSQELSNLRLENQLLRNEVQSLNQEMASLLQRSKETQEELNKARVRVEKWNVDNSKSDRITRELRAQVDDLTEAVAAKDSQLAVLKVRLQEADQVLSSRTEALEALRSEKSRIMQDHKEGSSLQNQALQTLQERLHEADATLKREQESYKQMQSEFAARLNKMEVDRQNLAEAVTLAERKYSEEKKKVDELQQQVKLHRASLESAKQELVDYKQKATRILQSKEKLINSLKEGSSFEGLESSTASSMELEELRHEKEMQKEEIQKLMGQMHQLRSELQDMEAQQVSEAESAREQLQDLQDQIAKQRTSKQELETELERMKQEFRYMEEDLHRTKNTLQSRIKDREEEIQKLRNQLTNKTLSNSSQSELESRLHQLTETLIQKQTMLESLSTEKNSLVFQLERLEQQVHSASSGPNSGSAINMSGVDSGEGTRLRNVPVLFNDTETNLAGMYGKVRKAASSIDQFSIRLGIFLRRYPIARVFVIIYMALLHLWVMIVLLTYSPEMHHDQPYGK,VFVIIYMALLHLWVMIVLLTY,PIAR,SPEMH,2.395238095238095,1.4433333333333331,-0.2900352380952381,-0.20451333333333332,3.041625614369223,3.5614063297218426,
RecName: Full=Amine oxidase [flavin-containing] B; EC=1.4.3.4; AltName: Full=Monoamine oxidase type B; Short=MAO-B;,Q8BW75,490,516,26,MSNKSDVIVVGGGISGMAAAKLLHDCGLSVVVLEARDRVGGRTYTIRNKNVKYVDLGGSYVGPTQNRILRLAKELGLETYKVNEVERLIHFVKGKSYAFRGPFPPVWNPITYLDNNNLWRTMDEMGQEIPSDAPWKAPLAEEWDYMTMKELLDKICWTKSTKQIATLFVNLCVTAETHEVSALWFLWYVKQCGGTTRIISTTNGGQERKFIGGSGQVSERIKDILGDRVKLERPVIHIDQTGENVIVKTLNHEIYEAKYVISAIPPALGMKIHYSPPLPMLRNQLISRVPLGSVIKCMVYYKEPFWRKKDFCGTMVIEGEEAPIAYTLDDTKPDGTYAAIMGFILAHKARKLVRLTKEERLRKLCELYAKVLNSQEALQPVHYEEKNWCEEQYSGGCYTTYFPPGILTQYGRVLRQPVGKIFFAGTETASHWSGYMEGAVEAGERAAREILHAIGKIPEDEIWQPEPESLDVPARPITSTFLERHLPSVPGLLKLFGLTTILSATALGFLAHKRGLFVHF,PGLLKLFGLTTILSATALGFLAHKRGL,LPSV,FVHF,0.9,1.0428571428571431,-0.08461740740740742,-0.09006057142857143,3.06934027978099,3.2995944450218877,
RecName: Full=Regulator of G-protein signaling 9-binding protein; AltName: Full=RGS9-anchoring protein;,Q148R9,213,233,20,MAREECKALLDALNKTTACYHHLVLTVGGSADTQDLREELQKTRQKARELAVATGARLTVALRDRSLATEERAEFERLWVAFSGCLDLLEADMQRALALGATFPLHAPRRPLVRTGVTGGSSAVAARALSARSLRHEAESDFDVADLPQLEREVLQVGEMIDDMEMKVNVPRWTVQARQAAGAELLSGASAGASSAGGISVEERAGPCDPSKALAATVFSAVLLVAVALALCVAKLS,ALAATVFSAVLLVAVALALCV,DPSK,AKLS,2.6857142857142855,1.6379310344827591,-0.2638233333333334,-0.18186999999999998,2.3508524035751006,2.8623153750955996,
RecName: Full=Vesicle-associated membrane protein 5; Short=VAMP-5; AltName: Full=Myobrevin;,Q9Z2P8,73,93,20,MAGKELKQCQQQADEVTEIMLNNFDKVLERHGKLAELEQRSDQLLDMSSAFSKTTKTLAQQKRWENIRCRVYLGLAVAVGLLIILIVLLVVFLPSGGDSSKP,LGLAVAVGLLIILIVLLVVFL,CRVY,PSGGD,3.357142857142857,2.1566666666666667,-0.2753928571428572,-0.159313,2.279720852464461,3.0980685120588385,
RecName: Full=TRAF3-interacting JNK-activating modulator; AltName: Full=TRAF3-interacting protein 3;,Q8C0G2,486,506,20,MISSDSRSSPGLARWAESYEAKCERRQETRENRRRRRNETTCRQPGKVLRTQHKERLQGARQLQFLKRRNLEEEKKGQAREQGPSSKTDGGTGQVSILKESLPGANKASFPGQQETGISSEVFPALHHSSSGIQRDLGGHHASHGRAFPPQDSDIKKPHRQHRGTQTKAEEALPTIKNDASQQTNCGVAVLDKDIIQLSEYLKEALHRELILKKKMVILQDLLPALIRASDSSWKGQLNEDKLKGKLRSLENQLYTCLQKHSPWGMKKVLLEMEDQRSSYEQKAKASLQKVLEEKMCAEQQLQRAQLSLALAEQKCQEWKSQYEALKEDWRTLGDQHRELESQLHVLQSKLQGADSRDSQMSQALQLLENEHQELQTKLESLQGDGEQQSSETQDLQDQLKKSEEEKQALVSKVQQLQSLLQNQSLQLQEQEKLLKKDQGLPVWNPKLSLDEVKPEGTRKEKEEELRDQLQKETFQLQVKENELQCGQWLPVLMVVIATALAVFLANKGNLVI,CGQWLPVLMVVIATALAVFLA,NELQ,NKGNL,2.0857142857142854,0.9866666666666662,-0.20324238095238095,-0.14378366666666667,3.249460279921617,3.5647351787255057,
