Name and description, ID, tmh start location, tmh end location, tmh length, full protein sequence, tmh sequence, N flank sequence, C flank sequence, Hydrophobicity of TMH, Hydrophobicity of TMH and flanks, Disorder of TMH, Disorder of TMH and flanks,  
RecName: Full=Peptidyl-prolyl cis-trans isomerase FKBP42; Short=PPIase FKBP42; EC=5.2.1.8; AltName: Full=42 kDa peptidyl-prolyl isomerase; AltName: Full=FK506-binding protein 42; Short=AtFKBP42; AltName: Full=Immunophilin FKBP42; AltName: Full=Protein TWISTED DWARF 1; AltName: Full=Protein ULTRACURVATA 2; AltName: Full=Rotamase;,Q9LDC0,339,357,18,MDESLEHQTQTHDQESEIVTEGSAVVHSEPSQEGNVPPKVDSEAEVLDEKVSKQIIKEGHGSKPSKYSTCFLHYRAWTKNSQHKFEDTWHEQQPIELVLGKEKKELAGLAIGVASMKSGERALVHVGWELAYGKEGNFSFPNVPPMADLLYEVEVIGFDETKEGKARSDMTVEERIGAADRRKMDGNSLFKEEKLEEAMQQYEMAIAYMGDDFMFQLYGKYQDMALAVKNPCHLNIAACLIKLKRYDEAIGHCNIVLTEEEKNPKALFRRGKAKAELGQMDSARDDFRKAQKYAPDDKAIRRELRALAEQEKALYQKQKEMYKGIFKGKDEGGAKSKSLFWLIVLWQWFVSLFSRIFRRHRVKAD,LFWLIVLWQWFVSLFSRIF,KSKS,RRHRV,1.657894736842105,0.3428571428571428,-0.24628894736842108,-0.1968242857142857,
RecName: Full=Protein CASP;,Q9LS42,644,661,17,MEVSQDGSERDKTPPPSSSSSSSSPIPVVTNFWKEFDLEKEKSLLDEQGLRIAENQENSQKNRRKLAESTRDFKKASPENKLSMFNSLLKGYQEEVDNITKRAKFGENAFLNIYQKLYEAPDPFPALASIAEQDRKLSEVESENRKMKVELEEFRTEATHLKNQQATIRRLEERNRQLEQQMEEKIKEVVEIKQRNLAEENQKTMELLKDREQALQDQLRQAKDSVSTMQKLHELAQNQLFELRAQSDEETAGKQSEVSLLMDEVERAQTRLLTLEREKGHLRSQLQTANEDTDNKKSDNIDSNSMLENSLTAKEKIISELNMEIHNVETALANERESHVAEIKKLNSLLNKKDTIIEEMKKELQERPSAKLVDDLRKKVKILQAVGYNSIEAEDWDAATTGEEMSKMESLLLDKNRKMEHEVTQLKVQLSEKASLLEKAEAKGEELTAKVNEQQRLIQKLEDDILKGYGSKERKGALFDEWEFSEAGVAEQSEPMDQKHVPSEQDQSSMLKVICSQRDRFRARLRETEEEIRRLKEKIGFLTDELEKTKADNVKLYGKIRYVQDYNHDKVVSRGSKKYVEDLESGFSSDVESKYKKIYEDDINPFAAFSKKEREQRIKDLGIRDRITLSSGRFLLGNKYARTFAFFYTIGLHVLVFTCLYRMSAYSYLSHGAEETLMTEATTNLPHGL,FAFFYTIGLHVLVFTCLY,YART,RMSAY,1.7888888888888888,0.9111111111111112,-0.18625611111111112,-0.17474185185185184,
RecName: Full=Bet1-like SNARE 1-2; Short=AtBET12; AltName: Full=Bet1/Sft1-like SNARE 14b; Short=AtBS14b;,Q94CG2,107,122,15,MNFRRENRASRTSLFDGLDGLEEGRLRASSSYAHDERDNDEALENLQDRVSFLKRVTGDIHEEVENHNRLLDKVGNKMDSARGIMSGTINRFKLVFEKKSNRKSCKLIAYFVLLFLIMYYLIRLLNYIKG,LIAYFVLLFLIMYYLI,KSCK,RLLNY,2.63125,1.372,-0.30647875,-0.2322472,
RecName: Full=Bet1-like SNARE 1-1; Short=AtBET11; AltName: Full=Bet1/Sft1-like SNARE 14a; Short=AtBS14a;,Q9M2J9,104,121,17,MNPRREPRGGRSSLFDGIEEGGIRAASSYSHEINEHENERALEGLQDRVILLKRLSGDINEEVDTHNRMLDRMGNDMDSSRGFLSGTMDRFKTVFETKSSRRMLTLVASFVGLFLVIYYLTR,LTLVASFVGLFLVIYYLT,SRRM,R,2.1277777777777778,1.126086956521739,-0.2113477777777778,-0.19204565217391306,
RecName: Full=Bet1-like protein At4g14600;,Q8VXX9,114,134,20,MASNPHRSGAGGSLYGGAAPYRSREGLSTRNAAGSEEIQLRIDPMHSDLDDEITGLHGQVRQLKNIAQEIGSEAKFQRDFLDELQMTLIRAQAGVKNNIRKLNMSIIRSGNNHIMHVVLFALLVFFVLYIWSKMFKR,IMHVVLFALLVFFVLYIWSKM,GNNH,FKR,2.1380952380952385,1.025,-0.26382333333333335,-0.18395535714285716,
RecName: Full=Golgi SNAP receptor complex member 1-2; AltName: Full=Golgi SNARE 12 protein; Short=AtGOS12;,O22151,236,256,20,MTESSLDLQESGWEELRREARKIEGDLDVKLSSYAKLGARFTQGDTDLVMNYEKVLKCVLVSGYVDTGSPTVGSGRSWKSMEMEIQSLLEKLLDINDSMSRCAASAAPTTSVTQKLARHRDILHEYTQEFRRIKGNINSLREHAELLSSVRDDISEYKASGSMSPGVQVLRERASIHGSISHIDDVIGQAQATRAVLGSQRSLFSDVQGKVKNLGDKFPVIRGLLGSIKRKRSRDTLILSAVIAACTLFLIIYWLSK,TLILSAVIAACTLFLIIYWLS,RSRD,K,2.223809523809524,1.1346153846153846,-0.23511904761904767,-0.1930869230769231,
RecName: Full=Golgi SNAP receptor complex member 1-1; AltName: Full=Golgi SNARE 11 protein; Short=AtGOS11;,Q9LMP7,202,222,20,MDVPSSWDALRKQARKIEAQLDEQMHSYRRLVSTKALSKSDGNESDLEAGIDLLLRQLQQVNAQMQAWVSSGGSEMVSHTLTRHQEILQDLTQEFYRHRSSLRAKQEHASLLEDFREFDRTRLDLEDGYGSEQALIKEHMGINRNTAQMDGVISQAQATLGTLVFQRSTFGGINSKLSNVASRLPTVNTILAAIKRKKSMDTIILSLVAAVCTFLIFIYWITK,TIILSLVAAVCTFLIFIYWIT,KSMD,K,2.3285714285714283,1.4884615384615383,-0.24609952380952382,-0.20091000000000003,
RecName: Full=Novel plant SNARE 13; Short=AtNPSN13;,Q9LRP1,218,238,20,MASNLPMSPQLEQIHGEIRDHFRALANGFQRLDKIKDSTRQSKQLEELTDKMRECKRLVKEFDRELKDEEARNSPEVNKQLNDEKQSMIKELNSYVALRKTYMSTLGNKKVELFDMGAGVSGEPTAEENVQVASSMSNQELVDAGMKRMDETDQAIERSKQVVEQTLEVGTQTAANLKGQTDQMGRVVNHLDTIQFSIKKASQLVKEIGRQVATDKCIMGFLFLIVCGVVAIIIVKIVNPNNKDIRDIPGLAPPAQSRKLLYLRNQDYM,IMGFLFLIVCGVVAIIIVKIV,TDKC,NPNNK,2.985714285714286,1.37,-0.2536933333333334,-0.13547966666666664,
RecName: Full=E3 ubiquitin-protein ligase RMA3; EC=2.3.2.27; AltName: Full=Protein RING membrane-anchor 3; AltName: Full=RING-type E3 ubiquitin transferase RMA3 {ECO:0000305};,Q8GUK7,223,243,20,MEGNFFIRSDAQRAHDNGFIAKQKPNLTTAPTAGQANESGCFDCNICLDTAHDPVVTLCGHLFCWPCIYKWLHVQLSSVSVDQHQNNCPVCKSNITITSLVPLYGRGMSSPSSTFGSKKQDALSTDIPRRPAPSALRNPITSASSLNPSLQHQTLSPSFHNHQYSPRGFTTTESTDLANAVMMSFLYPVIGMFGDLVYTRIFGTFTNTIAQPYQSQRMMQREKSLNRVSIFFLCCIILCLLLF,KSLNRVSIFFLCCIILCLLLF,MQRE,,2.0428571428571423,1.3319999999999999,-0.19827000000000003,-0.19834120000000002,
RecName: Full=25.3 kDa vesicle transport protein; Short=AtSEC22;,Q94AU2,193,213,20,MVKMTLIARVTDGLPLAEGLDDGRDLPDSDMYKQQVKALFKNLSRGQNDASRMSVETGPYVFHYIIEGRVCYLTMCDRSYPKKLAFQYLEDLKNEFERVNGPNIETAARPYAFIKFDTFIQKTKKLYQDTRTQRNIAKLNDELYEVHQIMTRNVQEVLGVGEKLDQVSEMSSRLTSESRIYADKAKDLNRQALIRKWAPVAIVFGVVFLLFWVKNKLW,LIRKWAPVAIVFGVVFLLFWV,NRQA,KNKLW,1.961904761904762,0.7699999999999999,-0.22699285714285716,-0.190479,
RecName: Full=E3 ubiquitin-protein ligase RMA1; EC=2.3.2.27; AltName: Full=Protein RING membrane-anchor 1; AltName: Full=RING-type E3 ubiquitin transferase RMA1 {ECO:0000305};,O64425,231,248,17,MALDQSFEDAALLGELYGEGAFCFKSKKPEPITVSVPSDDTDDSNFDCNICLDSVQEPVVTLCGHLFCWPCIHKWLDVQSFSTSDEYQRHRQCPVCKSKVSHSTLVPLYGRGRCTTQEEGKNSVPKRPVGPVYRLEMPNSPYASTDLRLSQRVHFNSPQEGYYPVSGVMSSNSLSYSAVLDPVMVMVGEMVATRLFGTRVMDRFAYPDTYNLAGTSGPRMRRRIMQADKSLGRIFFFFMCCVVLCLLLF,LGRIFFFFMCCVVLCLLL,ADKS,F,2.644444444444444,1.9130434782608692,-0.21118,-0.17469260869565217,
RecName: Full=E3 ubiquitin-protein ligase RMA2; EC=2.3.2.27; AltName: Full=Protein RING membrane-anchor 2; AltName: Full=RING-type E3 ubiquitin transferase RMA2 {ECO:0000305};,P93030,175,192,17,MEIEKDEDDTTLVDSGGDFDCNICLDQVRDPVVTLCGHLFCWPCIHKWTYASNNSRQRVDQYDHKREPPKCPVCKSDVSEATLVPIYGRGQKAPQSGSNVPSRPTGPVYDLRGVGQRLGEGESQRYMYRMPDPVMGVVCEMVYRRLFGESSSNMAPYRDMNVRSRRRAMQAEESLSRVYLFLLCFMFMCLFLF,LSRVYLFLLCFMFMCLFL,AEES,F,2.244444444444444,1.6173913043478256,-0.22440888888888885,-0.20839000000000002,
RecName: Full=Mitochondrial Rho GTPase 3; Short=AtMIRO3 {ECO:0000303|PubMed:21494602}; EC=3.6.5.- {ECO:0000305}; AltName: Full=Miro-related GTPase 3 {ECO:0000305};,Q9MA88,622,644,22,MWMGVGDSSGSPKPIRIVVVGEKGSGKSSLIMAAARNTFHPNIPSLLPYTNLPSEFFPDRIPATVIDTSSRPEDKGKVVKEVRQADAIVLTFAFDRPETLDRLSKYWLPLFRQLEVRVPIIVAGYEVDNKEAYNHFSIEQITSALMKQYREVETSIQWSAQRLDQAKDVLYYAQKAVIDPVGPVFDQENNVLKPRCIAALKRIFLLSDHNMDGILSDEELNELQKKCFDTPLVPCEIKQMKNVMQVTFPQGVNERGLTLDGFLFLNTRLIEEARIQTLWTMLRKFGYSNDLRLGDDLVPYSSFKRQADQSVELTNVAIEFLREVYEFFDSNGDNNLEPHEMGYLFETAPESPWTKPLYKDVTEENMDGGLSLEAFLSLWSLMTLIDPPRSLEYLMYIRFPSDDPSSAVRVTRKRVLDRKEKKSERKVVQCFVFGPKNAGKSALLNQFIGRSYDDDSNNNNGSTDEHYAVNMVKEPGVISDTDKTLVLKEVRIKDDGFMLSKEALAACDVAIFIYDSSDEYSWNRAVDMLAEVATIAKDSGYVFPCLMVAAKTDLDPFPVAIQESTRVTQDIGIDAPIPISSKLGDVSNLFRKILTAAENPHLNIPEIESKKKRSCKLNNRSLMAVSIGTAVLIAGLASFRLYTARKQS,LMAVSIGTAVLIAGLASFRLYTA,NNRS,RKQS,1.5956521739130434,0.37741935483870953,-0.17138478260869566,-0.12378258064516125,
RecName: Full=Membrin-11; Short=AtMEMB11; AltName: Full=27 kDa Golgi SNARE protein; AltName: Full=Golgi SNAP receptor complex member 2-1;,Q9SJL6,201,221,20,MASGIVEGGGSLSDVYSSAKRILLKARDGIERLERFESSSMDSPDLASSVKRDITEVRSLCSNMDTLWRSIPVKSQRDLWRRKTEQVGEEAEYLNLSLEKYMSRNQRKMLEAKERADLLGRASGEGAHILQIFDEEAQAMSSVKNSKRMLEESFSSGVAILSKYAEQRDRLKSAQRKALDVLNTVGLSNSVLRLIERRNRVDTWIKYAGMIATLVILYLFIRWTR,VDTWIKYAGMIATLVILYLFI,RRNR,RWTR,1.5904761904761904,0.1999999999999999,-0.21569190476190478,-0.18679620689655171,
RecName: Full=Phytolongin Phyl2.2 {ECO:0000303|PubMed:19889231};,Q9LVV3,243,263,20,MISNPSLLSYTCIAKGTVVLAEFVSRQEPGIEAIALRCIENTPPHHSMFSHTVHKKTYTFAIDDDSFVYFSISDESMEKPESFWVLNRLRSAIEDLIKDGGSDVETLINPVSHCLQLKLDPVFAEIVGVVDLELLDMDLVGSPRSVARESRNPSIDSSKGRRAALMPLLGKPLKALKKKKRLHNEAKGGDSCEVGSIQEISEKNVDLCGNGNNGVLRKELRNGLLSDHHHRQKAKQIWKKHVWVVLMFDFCICAVLFGIWLWICEGFQCIQG,WVVLMFDFCICAVLFGIWLWI,KKHV,CEGFQ,2.2857142857142856,1.3033333333333335,-0.2239419047619048,-0.18300733333333336,
RecName: Full=Phytolongin Phyl2.1 {ECO:0000303|PubMed:19889231};,Q9STP2,231,251,20,MTSNQRMLFYSCIAKGTVILAEFASKEEPGIEDLALRCIENVPPHHSMISHTVHKRTYALIIDGLFSYFAILDEVVAKSESVWLFNRLKSATESLMEDGSTADSLDNPTQHCLQSKLDPVFAEIAAIGGNHNKDLELEFGSPRSIAREIKSNNQSLDSSKGRKGGALMPLLGKPLRVLKNKKRLQTEAKSEGHWNEKKMDLGGGGKGVRNGLIHDHHHRQKAKQIWRKHVWIVLMFDLCICLVLFGIWLWICQGFQCIDG,WIVLMFDLCICLVLFGIWLWI,RKHV,CQGFQ,2.4428571428571426,1.3933333333333335,-0.2346471428571429,-0.19248400000000002,
RecName: Full=Phytolongin Phyl1.2 {ECO:0000303|PubMed:19889231};,Q84WF5,227,247,20,MGSIQNTVHYCCVSRDNQIMYAYNNAGDHRNNESLAALCLEKTPPFHKWYFETRGKKTFGFLMKDDFVYFAIVDDVFKKSSVLDFLEKLRDELKEANKKNSRGSFSGSISFSNVQDQIVRRLIASLEFDHTCLPLSSPSIDGAEQSYASNSKAPLLGRSNKQDKKKGRDHAHSLRGIEIEEHRKSNDRGNVTECSNASSESATYVPRRGRSGGSQSIERKWRRQVKIVLAIDIAICLTLLGVWLAICHGIECTRS,IVLAIDIAICLTLLGVWLAIC,RQVK,HGIEC,2.6095238095238096,1.5666666666666669,-0.23627476190476196,-0.20074600000000004,
RecName: Full=Phytolongin Phyl1.1 {ECO:0000303|PubMed:19889231};,Q9SN26,226,246,20,MGLIKNTVHYCCVSRDNQILYSYNGGDQTNESLAALCLEKSPPFHTWYFETIGKRRFGFLIGDGFVYFAIVDEVLKRSSVLKFLEHLRDEFKKAARENSRGSFTAMIGSINVEDQLVPVVTRLIASLERVAESSSNNELKSSNLGEQSEGSNSTKAPLLGRLSKQEKKKGKDHVIELEEHRKSNDRGNITDDSAGAGTSLEKECVSSSGRSVTQSFEWKWRRLVQIVLAIDAAICLTLFGIWLAICRGIECTRS,IVLAIDAAICLTLFGIWLAIC,RLVQ,RGIEC,2.4476190476190474,1.6666666666666667,-0.22498904761904767,-0.2066196666666667,
RecName: Full=Peptidyl-prolyl cis-trans isomerase PASTICCINO1; EC=5.2.1.8; AltName: Full=70 kDa peptidyl-prolyl isomerase; AltName: Full=FK506-binding protein 72; Short=AtFKBP72; AltName: Full=Immunophilin FKBP72; AltName: Full=Peptidyl-prolyl cis-trans isomerase FKBP72; Short=PPIase FKBP72; AltName: Full=Rotamase;,Q7DMA9,609,629,20,MAVGDQTEQNYLPKKKKSETEDDKRRKKIVPGSLLKAVVRPGGGDSSPVDGDQVIYHCTVRTLDGVVVESTRSESGGRGVPIRDVLGNSKMILGLLEGIPTMHKGEIAMFKMKPEMHYAEIDCPVSAPENFPKDDELHFEIELLDFSKAKIASDDLGVIKKILNEGEGWESPREPYEVKARISAKSGDGHVIFSHTEEPYFFTFGKSEVPKGLEIGIGTMARKEKAVIYVRKQYLTESPLLHIDQDLEEVHFEVELVHFIQVRDMLGDGRLIKRRIRDGRGEFPMDCPLQDSRLSVHYKGMLLNEEKTVFYDSKIDNNDQPLEFSSGEGLVPEGFEMCTRLMLPGEIALVTCPPDYAYDKFPRPPGVSEGAHVQWEIELLGFETPRDWTGLNFQSIMDEADKIRSTGNRLFKEGKFELAKAKYEKVLREFNHVNPQDEDEGKIFGDTRNMLHLNVAACLLKMGEWRKSIETCNKVLEAKPGHVKGLYRRGMAYIAGGEYDDARNDFNMMIKVDKSSEADATAALLKLKQKEQEAESKARKQFKGLFDKRPGEITEVGSEIREESKTIEEVDETKDNDDDETLEEEGATTVSTERKRKWSEKAWPFLKNVMLQIGIQLGVVLIGILIFQFVSAKFT,VMLQIGIQLGVVLIGILIFQF,FLKN,VSAKF,2.195238095238095,1.6466666666666667,-0.2172309523809524,-0.1942016666666667,
RecName: Full=Membrin-12; Short=AtMEMB12; AltName: Full=Golgi SNAP receptor complex member 2-2;,Q9FK28,198,215,17,MASGTVGGLSEVYSSAKRILLRARNGIEKLERFDSDPTDLASSVKRDITEVQSLCSNMDGLWRSIPVKSQRDLWRRKSEQVGEEAEYLNQSLEKYMWRNQRKMLEAKERADLLGRGSGEGAHILQIFDEEAQGMNSVKNSKRMLEDSFQSGVAILSKYAEQRDRLKSAQRKALDVLNTVGLSNSVLRLIERRNRVDTWIKYAGMIATLVILYLFIRWTR,WIKYAGMIATLVILYLFI,RVDT,RWTR,1.8555555555555558,0.7038461538461539,-0.24332555555555554,-0.20360769230769232,
RecName: Full=Novel plant SNARE 11; Short=AtNPSN11;,Q944A9,216,236,20,MDPISAVSEELAEIEGQINDIFRALSNGFQKLEKIKDANRQSRQLEELTDKMRDCKSLIKDFDREIKSLESGNDASTNRMLNDRRQSMVKELNSYVALKKKYSSNLASNNKRVDLFDGPGEEHMEENVLLASNMSNQELMDKGNSMMDDTDQAIERGKKIVQETINVGTDTSAALKAQTEQMSRVVNELDSIHFSLKKASKLVKEIGRQVATDKCIMAFLFLIVIGVIAIIIVKIVNPNNKDIRDIPGVGLAPPAMNRRLLWNHY,IMAFLFLIVIGVIAIIIVKIV,TDKC,NPNNK,3.2,1.52,-0.30788000000000004,-0.17341033333333336,
RecName: Full=Syntaxin-124; Short=AtSYP124;,O64791,280,300,20,MNDLFSSSFKKYTDLKQQAQMDDIESGKETMNLDKFFEDVENVKDNMKGVETLYKSLQDSNEECKTVHNAKKVKELRAKMDGDVAQVLKRVKMIKQKLEALEKANANSRNVSGCGPGSSTDRTRTSVVSGLGKKLKDLMDSFQGLRARMNAEYKETVERRYFTITGEQADEQTIENLISSGESENFLQKAIQEQGRGQILDTISEIQERHDAVKEIEKNLIELHQVFLDMAALVESQGQQLNDIESHVSKASSFVRRGTDQLQDAREYQKSSRKWTCYAILLFIVVFALLLIPALPHIMLMLK,ILLFIVVFALLLIPALPHIML,TCYA,MLK,2.747619047619047,2.207142857142857,-0.23445380952380954,-0.2165275,
RecName: Full=Syntaxin-132; Short=AtSYP132;,Q8VZU2,276,296,20,MNDLLKGSFELPRGQSSREGDVELGEQQGGDQGLEDFFKKVQVIDKQYDKLDKLLKKLQASHEESKSVTKAPAMKAIKKTMEKDVDEVGSIARFIKGKLEELDRENLANRQKPGCAKGSGVDRSRTATTLSLKKKLKDKMAEFQVLRENIQQEYRDVVDRRVYTVTGERADEDTIDELIETGNSEQIFQKAIQEQGRGQVMDTLAEIQERHDAVRDLEKKLLDLQQIFLDMAVLVDAQGEMLDNIESQVSSAVDHVQSGNTALQRAKSLQKNSRKWMCIAIIILLIVVAVIVVGVLKPWKNKSA,WMCIAIIILLIVVAVIVVGVL,NSRK,KPWKN,3.3476190476190473,1.4600000000000002,-0.3065995238095239,-0.20012833333333332,
RecName: Full=Syntaxin-22; Short=AtSYP22; Short=AtVAM3; AltName: Full=Protein SHOOT GRAVITROPISM 3;,P93654,247,267,20,MSFQDLESGRGRSTRKFNGGRQDSTQAVASGIFQINTGVSTFQRLVNTLGTPKDTPELREKLHKTRLHIGQLVKDTSAKLKEASETDHQSGVNPSKKIADAKLARDFQAVLKEFQKAQQTAAERETTYTPFVPQSALPSSYTAGEVDKVPEQRAQLQESKRQELVLLDNEIAFNEAVIEEREQGIQEIHQQIGEVNEIFKDLAVLVNDQGVMIDDIGTHIDNSRAATSQGKSQLVQAAKTQKSNSSLTCLLLVIFGIVLLIVIIVLAA,LTCLLLVIFGIVLLIVIIVLA,SNSS,A,3.423809523809523,2.607692307692308,-0.2895990476190477,-0.21863807692307693,
RecName: Full=Syntaxin-43; Short=AtSYP43;,Q9SUJ1,306,326,20,MATRNRTLLFRKYRNSLRSVRAPMGSSSSSTLTEHNSLTGAKSGLGPVIEMASTSLLNPNRSYAPVSTEDPGNSSRGTITVGLPPDWVDVSEEISVYIQRARTKMAELGKAHAKALMPSFGDGKEDQHQIETLTQEVTFLLKKSEKQLQRLSAAGPSEDSNVRKNVQRSLATDLQNLSMELRKKQSTYLKRLRLQKEDGADLEMNLNGSRYKAEDDDFDDMVFSEHQMSKIKKSEEISIEREKEIQQVVESVSELAQIMKDLSALVIDQGTIVDRIDYNIQNVASTVDDGLKQLQKAERTQRQGGMVMCASVLVILCFIMLVLLILKEILL,MVMCASVLVILCFIMLVLLIL,RQGG,KEILL,3.2190476190476187,2.1166666666666667,-0.28053571428571433,-0.22639800000000002,
RecName: Full=Syntaxin-72; Short=AtSYP72;,Q94KK6,245,265,20,MPVIDIIFRVDEICKKYDKYDIDKHREIGASGDDAFSRLFTSIDSDIEAVLRKAELASTEKNRAAAVAMNAEVRRTKARLAEDVVKLQKLAVKKIKGLTREERESRCDLVIALADRLQAIPDGNEHGAKQANSDWGGASAPNKNIKFDMSEEDMDDGFFQQSEESSQFRQEYEMRRKKQDEGLDIISEGLDALKNLARDMNEELDKQVPLMEEMETKVDGATSDLKNTNVRLKKQLVQMRSSRNFCIDIILLCVILGIVSYIYNALN,FCIDIILLCVILGIVSYIYNA,SSRN,LN,2.1714285714285717,1.3444444444444443,-0.20087571428571427,-0.14768037037037038,
RecName: Full=Syntaxin-122; Short=AtSYP122; AltName: Full=Synt4;,Q9SVC2,285,305,20,MNDLLSGSFKTSVADGSSPPHSHNIEMSKAKVSGGSCHGGNNLDTFFLDVEVVNEDLKELDRLCHNLRSSNEQSKTLHNANAVKELKKKMDADVTAALKTARRLKGNLEALDRANEVNRSLPESGPGSSSDRQRTSVVNGLRKKLKDEMEKFSRVRETITNEYKETVGRMCFTVTGEYPDEATLERLISTGESETFLQKAIQEQGRGRILDTINEIQERHDAVKDIEKSLNELHQVFLDMAVLVEHQGAQLDDIEGNVKRANSLVRSGADRLVKARFYQKNTRKWTCFAILLLLIIVVLIVVFTVKPWESNGGGGGGAPRQATPVQAQPPPPPAVNRRLLR,WTCFAILLLLIIVVLIVVFTV,NTRK,KPWES,3.1238095238095243,1.4100000000000001,-0.29823619047619054,-0.20512766666666662,
RecName: Full=Putative syntaxin-131; Short=AtSYP131;,Q9SRV7,277,297,20,MNDLLKGSLEFSRDRSNRSDIESGHGPGNSGDLGLSGFFKKVQEIEKQYEKLDKHLNKLQGAHEETKAVTKAPAMKSIKQRMERDVDEVGRISRFIKGKIEELDRENLENRTKPGCGKGTGVDRTRTATTIAVKKKFKDKISEFQTLRQNIQQEYREVVERRVFTVTGQRADEEAIDRLIETGDSEQIFQKAIREQGRGQIMDTLAEIQERHDAVRDLEKKLLDLQQVFLDMAVLVDAQGEMLDNIENMVSSAVDHVQSGNNQLTKAVKSQKSSRKWMCIAILILLIIIIITVISVLKPWTQKNGA,WMCIAILILLIIIIITVISVL,SSRK,KPWTQ,3.2333333333333334,1.5766666666666669,-0.31040238095238104,-0.21597733333333335,
RecName: Full=Syntaxin-32; Short=AtSYP32;,Q9LK09,326,346,20,MSARHGQSSYRDRSDEFFKIVETLRRSIAPAPAANNVPYGNNRNDGARREDLINKSEFNKRASHIGLAINQTSQKLSKLAKLAKRTSVFDDPTQEIQELTVVIKQEISALNSALVDLQLFRSSQNDEGNNSRDRDKSTHSATVVDDLKYRLMDTTKEFKDVLTMRTENMKVHESRRQLFSSNASKESTNPFVRQRPLAAKAAASESVPLPWANGSSSSSSQLVPWKPGEGESSPLLQQSQQQQQQQQQQMVPLQDTYMQGRAEALHTVESTIHELSSIFTQLATMVSQQGEIAIRIDQNMEDTLANVEGAQSQLARYLNSISSNRWLMMKIFFVLIAFLMIFLFFVA,WLMMKIFFVLIAFLMIFLFFV,SSNR,A,2.695238095238095,1.876923076923077,-0.28699666666666673,-0.22882346153846156,
RecName: Full=Syntaxin-71; Short=AtSYP71;,Q9SF29,244,264,20,MTVIDILTRVDSICKKYDKYDVDKQREANISGDDAFARLYGAFETQIETALEKAELVTKEKNRAAAVAMNAEIRRTKARLSEEVPKLQRLAVKRVKGLTTEELAARNDLVLALPARIEAIPDGTAGGPKSTSAWTPSSTTSRPDIKFDSDGRFDDDYFQESNESSQFRQEYEMRKIKQEQGLDMISEGLDALKNMASDMNEELDRQVPLMDEIDTKVDRATSDLKNTNVRLKDTVNQLRSSRNFCIDIVLLCIVLGIAAYLYNVLK,FCIDIVLLCIVLGIAAYLYNV,SSRN,LK,2.2476190476190476,1.3888888888888888,-0.21440190476190477,-0.17042222222222222,
RecName: Full=Syntaxin-121; Short=AtSYP121; AltName: Full=Syntaxin-related protein At-Syr1;,Q9ZSD4,286,306,20,MNDLFSSSFSRFRSGEPSPRRDVAGGGDGVQMANPAGSTGGVNLDKFFEDVESVKEELKELDRLNETLSSCHEQSKTLHNAKAVKDLRSKMDGDVGVALKKAKMIKVKLEALDRANAANRSLPGCGPGSSSDRTRTSVLNGLRKKLMDSMDSFNRLRELISSEYRETVQRRYFTVTGENPDERTLDRLISTGESERFLQKAIQEQGRGRVLDTINEIQERHDAVKDIEKNLRELHQVFLDMAVLVEHQGAQLDDIESHVGRASSFIRGGTDQLQTARVYQKNTRKWTCIAIIILIIIITVVVLAVLKPWNNSSGGGGGGGGGGTTGGSQPNSGTPPNPPQARRLLR,WTCIAIIILIIIITVVVLAVL,NTRK,KPWNN,3.238095238095238,1.4,-0.31906095238095245,-0.20231866666666665,
RecName: Full=Syntaxin-related protein KNOLLE; AltName: Full=Syntaxin-111; Short=AtSYP111;,Q42374,284,304,20,MNDLMTKSFMSYVDLKKAAMKDMEAGPDFDLEMASTKADKMDENLSSFLEEAEYVKAEMGLISETLARIEQYHEESKGVHKAESVKSLRNKISNEIVSGLRKAKSIKSKLEEMDKANKEIKRLSGTPVYRSRTAVTNGLRKKLKEVMMEFQGLRQKMMSEYKETVERRYFTVTGEHANDEMIEKIITDNAGGEEFLTRAIQEHGKGKVLETVVEIQDRYDAAKEIEKSLLELHQVFLDMAVMVESQGEQMDEIEHHVINASHYVADGANELKTAKSHQRNSRKWMCIGIIVLLLIILIVVIPIITSFSSS,WMCIGIIVLLLIILIVVIPII,NSRK,TSFSS,3.3238095238095235,1.8933333333333335,-0.2766333333333334,-0.18337533333333333,
RecName: Full=Syntaxin-125; Short=AtSYP125;,Q9SXB0,275,295,20,MNDLFSNSFKKNQAQLGDVEAGQETMNLDKFFEDVENVKDDMKGVEALYKKLQDSNEECKTVHNAKKVKELRAKMDGDVAMVLKRVKIIKQKLEALEKANANSRNVPGCGPGSSTDRTRSSVVSGLGKKLKDLMDSFQGLRARMNNEYKETVERRYFTITGEKADEQTIDNLIASGESENFLQKAIQEQGRGQILDTISEIQERHDAVKEIEKNLLELHQVFLDMAALVEAQGQQLNNIESHVAKASSFVRRGTDQLQDAREYQKSSRKWTCYAIILFIVIFILLLIPLLPHIMLMLK,IILFIVIFILLLIPLLPHIML,TCYA,MLK,3.0190476190476185,2.4107142857142856,-0.2514757142857143,-0.22929392857142858,
RecName: Full=Syntaxin-123; Short=AtSYP123;,Q9ZQZ8,279,299,20,MNDLISSSFKRYTDLNHQVQLDDIESQNVSLDSGNLDEFFGYVESVKEDMKAVDEIHKRLQDANEESKTVHDSKAVKKLRARMDSSVTEVLKRVKMIKTKLVALEKSNAAQRKVAGCGPGSSADRTRTSVVSGLGKKLKDMMDDFQRLRTKMATEYKETVERRYFTVTGQKADEETVEKLISSGESERFLQKAIQEQGRGQVMDTLSEIQERHDTVKEIERSLLELHQVFLDMAALVEAQGNMLNDIESNVSKASSFVMRGTDQLHGAKVLQRNNRKWACIATILAIVVVIVILFPILFNTLLRP,ACIATILAIVVVIVILFPILF,NRKW,NTLLR,3.1619047619047613,1.75,-0.27531714285714287,-0.22285033333333334,
RecName: Full=Syntaxin-41; Short=AtSYP41; Short=AtTLG2a;,O65359,302,322,20,MATRNRTLLFRKYRNSLRSVRAPLSSSSLTGTRSGGVGPVIEMASTSLLNPNRSYAPISTEDPGTSSKGAITVGLPPAWVDVSEEISVNIQRARTKMAELGKAHAKALMPSFGDGKEDQHNIESLTQEITFLLKKSEKQLQRLSASGPSEDSNVRKNVQRSLATDLQLLSMELRKKQSTYLKRLRQQKEDGMDLEMNLSRNRYRPEEDDFGDMLNEHQMSKIKKSEEVSVEREKEIQQVVESVNDLAQIMKDLSALVIDQGTIVDRIDYNIENVATTVEDGLKQLQKAERTQRHGGMVKCASVLVILCFIMLLLLILKEIFL,SVLVILCFIMLLLLILKEIFL,VKCA,,2.7904761904761903,2.528,-0.2866119047619048,-0.2712724,
RecName: Full=Syntaxin-51; Short=AtSYP51;,Q9SA23,209,229,20,MASSSDSWMRAYNEALKLSEEINGMISERSSSAVTGPDAQRRASAIRRKITIFGNKLDSLQSLLAEIHGKPISEKEMNRRKDMVGNLRSKANQMANALNMSNFANRDSLLGPDIKPDDSMSRVTGMDNQGIVGYQRQVMREQDEGLEQLEGTVMSTKHIALAVSEELDLQTRLIDDLDYHVDVTDSRLRRVQKSLAVMNKNMRSGCSCMSMLLSVLGIVGLAVVIWMLVKYM,MSMLLSVLGIVGLAVVIWMLV,GCSC,KYM,2.5333333333333337,1.917857142857143,-0.21406809523809528,-0.16011142857142863,
RecName: Full=Syntaxin-73; Short=AtSYP73;,Q94KK5,241,261,20,MGVIDLITRVDSICKKYEKYDINRQRDANVSGDDAFSRLYSAVEYALETVLQKTEDLSSETNKAKAVAMNAEIRRTKARLLEGIPKLQRLSLKKVKGLSKEELDARNDLVLSLRDKIEAIPESSAPVVGGWEASTSYSNIRFDTNVSDDRIGSEYFQPTGESDQFKQEYEMKRIKQARLDYIAEGLDTLKNMAQDINEELDRQEPLMDEIDTKIDKAATDLKSTNVRLKDTVTKLRSSRNFCIDIILLCILLGIAAFIYNSVK,FCIDIILLCILLGIAAFIYNS,SSRN,VK,2.2333333333333334,1.3925925925925928,-0.19350285714285714,-0.15595444444444445,
RecName: Full=Syntaxin-31; Short=AtSED5; Short=AtSYP31;,Q9FFK1,315,335,20,MGSTFRDRTVELHSLSQTLKKIGAIPSVHQDEDDPASSKRSSPGSEFNKKASRIGLGIKETSQKITRLAKLAKQSTIFNDRTVEIQELTVLIRNDITGLNMALSDLQTLQNMELADGNYSQDQVGHYTAVCDDLKTRLMGATKQLQDVLTTRSENMKAHENRKQLFSTKNAVDSPPQNNAKSVPEPPPWSSSSNPFGNLQQPLLPPLNTGAPPGSQLRRRSAIENAPSQQMEMSLLQQTVPKQENYSQSRAVALHSVESRITELSGIFPQLATMVTQQGELAIRIDDNMDESLVNVEGARSALLQHLTRISSNRWLMMKIFAVIILFLIVFLFFVA,WLMMKIFAVIILFLIVFLFFV,SSNR,A,2.8857142857142852,2.030769230769231,-0.3039942857142858,-0.24255230769230768,
RecName: Full=Syntaxin-52; Short=AtSYP52;,Q94KK7,210,230,20,MASSSDPWMREYNEALKLSEDINGMMSERNASGLTGPDAQRRASAIRRKITILGTRLDSLQSLLVKVPGKQHVSEKEMNRRKDMVGNLRSKTNQVASALNMSNFANRDSLFGTDLKPDDAINRVSGMDNQGIVVFQRQVMREQDEGLEKLEETVMSTKHIALAVNEELTLQTRLIDDLDYDVDITDSRLRRVQKSLALMNKSMKSGCSCMSMLLSVLGIVGLALVIWLLVKYL,MSMLLSVLGIVGLALVIWLLV,GCSC,KYL,2.6047619047619044,2.039285714285714,-0.2171052380952381,-0.16639035714285716,
RecName: Full=Syntaxin-81; Short=AtSYP81;,P59277,290,310,20,MSRFRDRTEDFKDSVRNSAVSIGYNESKVASTMASFIIHKPKERSPFTKAAFKTLDSIKELELFMLKHRKDYVDLHRTTEQEKDSIEQEVAAFIKACKEQIDILINSIRNEEANSKGWLGLPADNFNADSIAHKHGVVLILSEKLHSVTAQFDQLRATRFQDIINRAMPRRKPKRVIKEATPINTTLGNSESIEPDEIQAQPRRLQQQQLLDDETQALQVELSNLLDGARQTETKMVEMSALNHLMATHVLQQAQQIEFLYDQAVEATKNVELGNKELSQAIQRNSSSRTFLLLFFFVLTFSVLFLDWYS,TFLLLFFFVLTFSVLFLDWYS,SSSR,,1.8714285714285717,1.296,-0.19395714285714286,-0.152842,
RecName: Full=Vesicle-associated membrane protein 711 {ECO:0000303|PubMed:11115874}; Short=AtVAMP711 {ECO:0000303|PubMed:11115874}; AltName: Full=v-SNARE synaptobrevin 7C {ECO:0000303|Ref.1}; Short=AtVAMP7C {ECO:0000303|Ref.1};,O49377,190,210,20,MAILYALVARGTVVLSEFTATSTNASTIAKQILEKVPGDNDSNVSYSQDRYVFHVKRTDGLTVLCMAEETAGRRIPFAFLEDIHQRFVRTYGRAVHTALAYAMNEEFSRVLSQQIDYYSNDPNADRINRIKGEMNQVRGVMIENIDKVLDRGERLELLVDKTANMQGNTFRFRKQARRFRSNVWWRNCKLTVLLILLLLVIIYIAVAFLCHGPTLPSCI,LTVLLILLLLVIIYIAVAFLC,RNCK,HGPTL,3.233333333333333,1.88,-0.31016047619047626,-0.19733433333333336,
RecName: Full=Vesicle-associated membrane protein 721 {ECO:0000303|PubMed:11115874}; Short=AtVAMP721 {ECO:0000303|PubMed:11115874}; AltName: Full=v-SNARE synaptobrevin 7B {ECO:0000303|Ref.1}; Short=AtVAMP7B {ECO:0000303|Ref.1};,Q9ZTW3,197,217,20,MAQQSLIYSFVARGTVILVEFTDFKGNFTSIAAQCLQKLPSSNNKFTYNCDGHTFNYLVEDGFTYCVVAVDSAGRQIPMSFLERVKEDFNKRYGGGKAATAQANSLNKEFGSKLKEHMQYCMDHPDEISKLAKVKAQVSEVKGVMMENIEKVLDRGEKIELLVDKTENLRSQAQDFRTTGTQMRRKMWLQNMKIKLIVLAIIIALILIIVLSVCHGFKC,IVLAIIIALILIIVLSVCHGF,KIKL,KC,3.0380952380952375,2.3296296296296295,-0.2692785714285715,-0.24927555555555556,
RecName: Full=Vesicle-associated membrane protein 725 {ECO:0000303|PubMed:11115874}; Short=AtVAMP725 {ECO:0000303|PubMed:11115874};,O48850,262,282,20,MDRSVVPISLAPFQFLLVFWIFLTSVHTNPNKQQKTVVSLSLWWNSKNRIRGCVWFFFLLRVTRTMGQQNLIYSFVARGTVILVEYTEFKGNFTAVAAQCLQKLPSSNNKFTYNCDGHTFNYLVENGFTYCVVAVESVGRQIPMAFLERVKEDFNKRYGGGKATTAQANSLNREFGSKLKEHMQYCVDHPDEISKLAKVKAQVTEVKGVMMENIEKVLDRGEKIELLVDKTENLRSQAQDFRTQGTKIRRKMWFENMKIKLIVLGIIITLILIIILSVCGGFKCT,IVLGIIITLILIIILSVCGGF,KIKL,KCT,2.961904761904762,2.164285714285714,-0.20434619047619051,-0.19135642857142857,
RecName: Full=Vesicle-associated protein 1-1; AltName: Full=Plant VAP homolog 11; Short=AtPVA11; AltName: Full=VAMP-associated protein 1-1; AltName: Full=Vesicle-associated protein 27-1; Contains: RecName: Full=Vesicle-associated protein 1-1 N-terminally processed;,Q8VZ95,233,253,20,MSNIDLIGMSNRDLIGMSNSELLTVEPLDLQFPFELKKQISCSLYLTNKTDNNVAFKVKTTNPKKYCVRPNTGVVLPRSTCEVLVTMQAQKEAPSDMQCKDKFLLQGVIASPGVTAKEVTPEMFSKEAGHRVEETKLRVTYVAPPRPPSPVHEGSEEGSSPRASVSDNGHGSEFSFERFIVDNKAGHQENTSEARALITKLTEEKQSAIQLNNRLQRELDQLRRESKKSQSGGIPFMYVLLVGLIGLILGYIMKRT,GIPFMYVLLVGLIGLILGYIM,SQSG,KRT,2.2,1.1285714285714286,-0.14086285714285715,-0.09623607142857142,
RecName: Full=Vesicle-associated protein 2-2; AltName: Full=Plant VAP homolog 22; Short=AtPVA22; AltName: Full=VAMP-associated protein 2-2; AltName: Full=Vesicle-associated protein 27-2;,B9DHD7,364,384,20,MNMPLLDIQPRTLQFAVDLKKQTSCVVQLTNTTHHYVAFKVKTTSPKKYCVRPNVGVVAPKSTCEFTVIMQAFKEPPPDMVCKDKFLIQSTAVSAETTDEDITASMFSKAEGKHIEENKLRVTLVPPSDSPELSPINTPKQGAVFEDSILKDRLYSQSETLAPPQYEGEIVKEPRMVGHDELKAADNAKELKTPKMATVDFVEDRYTANDLKATKDSYDSSRMAKETGFDPIRSHKDADDGRAIKATTNLDAPMKKAMDLPRDQGFTNGIAVDSEPKISKERDVVQLQKTDGQNVRGLDELKLVKDIEEMKLKVDALESKLKQADSTISKLMEERSISSQHRQSLQHELAELRTKKIVKEVHNGFPLLYVCVVAFIAYVIGHFLRT,GFPLLYVCVVAFIAYVIGHFL,EVHN,RT,2.071428571428571,1.1962962962962962,-0.17216142857142855,-0.15352962962962963,
RecName: Full=Vesicle transport v-SNARE 11; Short=AtVTI11; AltName: Full=Protein SHOOT GRAVITROPISM 4; AltName: Full=Vesicle soluble NSF attachment protein receptor VTI1a; Short=AtVTI1a; AltName: Full=Vesicle transport v-SNARE protein VTI1a;,Q9SEL6,199,219,20,MSDVFDGYERQYCELSASLSKKCSSAISLDGEQKKQKLSEIKSGLENAEVLIRKMDLEARTLPPNLKSSLLVKLREFKSDLNNFKTEVKRITSGQLNAAARDELLEAGMADTKTASADQRARLMMSTERLGRTTDRVKDSRRTMMETEEIGVSILQDLHGQRQSLLRAHETLHGVDDNIGKSKKILTDMTRRMNKNKWTIGAIIIALIAAIFIILYFKLTK,TIGAIIIALIAAIFIILYFKL,KNKW,TK,2.5666666666666664,1.3740740740740742,-0.27402380952380956,-0.22442148148148147,
RecName: Full=Vesicle transport v-SNARE 13; Short=AtVTI13; AltName: Full=Vesicle soluble NSF attachment protein receptor 13; AltName: Full=Vesicle transport v-SNARE protein VTI13;,Q9LVP9,199,219,20,MSQGFERYERQYCEISANLSKKCTSAIALDGEQKKQNLSEIKSGVEEAEALVKKMDLEARNLPPNVKSSLLVKLREYKSDLNNFKTEVKRITSGNLNATARDELLEAGMADTLTASADQRSRLMMSTDHLGRTTDRIKDSRRTILETEELGVSILQDLHGQRQSLLRAHETLHGVDDNVGKSKKILTTMTRRMNRNKWTIGAIITVLVLAIIFILYFKLTR,TIGAIITVLVLAIIFILYFKL,RNKW,TR,2.514285714285714,1.2888888888888888,-0.26135,-0.2202307407407407,
RecName: Full=Vesicle-associated membrane protein 712 {ECO:0000303|PubMed:11115874}; Short=AtVAMP712 {ECO:0000303|PubMed:11115874};,Q9SIQ9,190,210,20,MSILYALVARGTVVLAELSTTSTNASTIAKQILEKIPGNGDSHVSYSQDRYVFHVKRTDGLTVLCMADEDAGRRIPFSFLEDIHQRFVRTYGRAIHSAQAYAMNDEFSRVLNQQIEYYSNDPNADTISRIKGEMNQVRDVMIENIDNILDRGERLELLVDKTANMQGNTFRFRKQTRRFNNTVWWRNCKLTLLLILVLLVIIYIGVAFACHGPTLPSCV,LTLLLILVLLVIIYIGVAFAC,RNCK,HGPTL,3.033333333333333,1.7399999999999998,-0.2734385714285715,-0.171629,
RecName: Full=Vesicle-associated membrane protein 714 {ECO:0000303|PubMed:11115874}; Short=AtVAMP714 {ECO:0000303|PubMed:11115874};,Q9FMR5,191,211,20,MAIVYAVVARGTVVLAEFSAVTGNTGAVVRRILEKLSPEISDERLCFSQDRYIFHILRSDGLTFLCMANDTFGRRVPFSYLEEIHMRFMKNYGKVAHNAPAYAMNDEFSRVLHQQMEFFSSNPSVDTLNRVRGEVSEIRSVMVENIEKIMERGDRIELLVDKTATMQDSSFHFRKQSKRLRRALWMKNAKLLVLLTCLIVFLLYIIIASFCGGITLPSCRS,LLVLLTCLIVFLLYIIIASFC,KNAK,GGITL,2.9809523809523806,1.9966666666666661,-0.2678838095238096,-0.19140733333333332,
RecName: Full=Vesicle-associated membrane protein 723 {ECO:0000303|PubMed:11115874}; Short=AtVAMP723 {ECO:0000303|PubMed:11115874};,Q8VY69,193,213,20,MAQQSLFYSFIARGTVILVEFTDFKGNFTSVAAQYLENLPSSNNKFTYNCDGHTFNDLVENGFTYCVVAVDSAGREIPMAFLERVKEDFYKRYGGEKAATDQANSLNKEFGSNLKEHMQYCMDHPDEISNLAKAKAQVSEVKSLMMENIEKVLARGVICEMLGSSESQPQAFYIKRTQMKRKKWFQNMKIKLIVLAIIIALILIIILSVCGGFNCGK,IVLAIIIALILIIILSVCGGF,KIKL,NCGK,3.1857142857142855,2.1413793103448273,-0.25030761904761906,-0.19548034482758622,
RecName: Full=Vesicle transport v-SNARE 12; Short=AtVTI12; AltName: Full=Vesicle soluble NSF attachment protein receptor VTI1b; Short=AtVTI1b; AltName: Full=Vesicle transport v-SNARE protein VTI1b;,Q9SEL5,200,220,20,MSDVFEGYERQYCELSTNLSRKCHSASVLSNGEEKKGKIAEIKSGIDEADVLIRKMDLEARSLQPSAKAVCLSKLREYKSDLNQLKKEFKRVSSADAKPSSREELMESGMADLHAVSADQRGRLAMSVERLDQSSDRIRESRRLMLETEEVGISIVQDLSQQRQTLLHAHNKLHGVDDAIDKSKKVLTAMSRRMTRNKWIITSVIVALVLAIILIISYKLSH,IITSVIVALVLAIILIISYKL,RNKW,SH,2.6380952380952385,1.4296296296296296,-0.28580857142857147,-0.22779592592592593,
RecName: Full=Syntaxin-21; Short=AtSYP21; AltName: Full=PEP12 homolog; Short=AtPEP12; AltName: Full=aPEP12;,Q39233,259,279,20,MSFQDLEAGTRSPAPNRFTGGRQQRPSSRGDPSQEVAAGIFRISTAVNSFFRLVNSIGTPKDTLELRDKLQKTRLQISELVKNTSAKLKEASEADLHGSASQIKKIADAKLAKDFQSVLKEFQKAQRLAAEREITYTPVVTKEIPTSYNAPELDTESLRISQQQALLLQSRRQEVVFLDNEITFNEAIIEEREQGIREIEDQIRDVNGMFKDLALMVNHQGNIVDDISSNLDNSHAATTQATVQLRKAAKTQRSNSSLTCLLILIFGIVLLIVIIVVLV,TCLLILIFGIVLLIVIIVVLV,NSSL,,3.5714285714285716,2.9479999999999995,-0.2995490476190477,-0.2445124,
RecName: Full=Syntaxin-42; Short=AtSYP42; Short=AtTLG2b;,Q9SWH4,303,323,20,MATRNRTTVYRKHRDACKSARAPLSLSASDSFGGPVIEMVSGSFSRSNHSSYAPLNSYDPGPSSSDAFTIGMPPAWVDDSEEITFNIQKVRDKMNELAKAHSKALMPTFGDNKGIHREVEMLTHEITDLLRKSEKRLQMLSTRGPSEESNLRKNVQRSLATDLQNLSMELRRKQSTYLKRLQQQKEGQDEVDLEFNVNGKMSRLDEEDELGGMGFDEHQTIKLKEGQHVSAEREREIQQVLGSVNDLAQIMKDLSALVIDQGTIVDRIDYNVQNVSTSVEEGYKQLQKAERTQREGAMVKCATILLVLCLIMIVLLILKNILF,TILLVLCLIMIVLLILKNILF,VKCA,,2.876190476190476,2.6,-0.28166380952380954,-0.267116,
RecName: Full=Syntaxin-61; Short=AtSYP61; AltName: Full=Osmotic stress-sensitive mutant 1;,Q946Y7,225,245,20,MSSAQDPFYIVKEEIQDSIDKLQSTFHKWERISPDMGDQAHVAKELVATCGSIEWQVDELEKAITVAAKDPSWYGIDEAELEKRRRWTSNARTQVRNVKSGVLAGKVSSGAGHASEVRRELMRMPNSGEASRYDQYGGRDDDGFVQSESDRQMLLIKQQDEELDELSKSVQRIGGVGLTIHDELVAQERIIDELDTEMDSTKNRLEFVQKKVGMVMKKAGAKGQMMMICFLLVLFIILFVLVFLT,MMMICFLLVLFIILFVLVFLT,AKGQ,,3.2190476190476187,2.464,-0.2875757142857143,-0.2462068,
RecName: Full=Vesicle-associated membrane protein 724 {ECO:0000303|PubMed:11115874}; Short=AtVAMP724 {ECO:0000303|PubMed:11115874}; AltName: Full=SYBL1-like protein {ECO:0000303|PubMed:9461215};,O23429,198,218,20,MGQESFIYSFVARGTMILAEYTEFTGNFPSIAAQCLQKLPSSSNSKFTYNCDHHTFNFLVEDGYAYCVVAKDSLSKQISIAFLERVKADFKKRYGGGKASTAIAKSLNKEFGPVMKEHMNYIVDHAEEIEKLIKVKAQVSEVKSIMLENIDKAIDRGENLTVLTDKTENLRSQAQEYKKQGTQVRRKLWYQNMKIKLVVLGILLLLVLIIWISVCHGFNCTD,VVLGILLLLVLIIWISVCHGF,KIKL,NCTD,2.7238095238095235,1.8103448275862069,-0.22558285714285717,-0.180908275862069,
RecName: Full=Vesicle-associated protein 1-2; AltName: Full=Plant VAP homolog 12; Short=AtPVA12; AltName: Full=VAMP-associated protein 1-2; Contains: RecName: Full=Vesicle-associated protein 1-2 N-terminally processed;,Q9SHC8,216,236,20,MSNELLTIDPVDLQFPFELKKQISCSLYLGNKTDNYVAFKVKTTNPKKYCVRPNTGVVHPRSSSEVLVTMQAQKEAPADLQCKDKFLLQCVVASPGATPKDVTHEMFSKEAGHRVEETKLRVVYVAPPRPPSPVREGSEEGSSPRASVSDNGNASDFTAAPRFSADRVDAQDNSSEARALVTKLTEEKNSAVQLNNRLQQELDQLRRESKRSKSGGIPFMYVLLVGLIGLILGYIMKRT,GIPFMYVLLVGLIGLILGYIM,SKSG,KRT,2.2,1.1142857142857143,-0.14086285714285715,-0.09310785714285714,
RecName: Full=Vesicle-associated protein 1-3; AltName: Full=Plant VAP homolog 13; Short=AtPVA13; AltName: Full=VAMP-associated protein 1-3; Contains: RecName: Full=Vesicle-associated protein 1-3 N-terminally processed;,Q84WW5,216,236,20,MTTGDLVNIHPTELKFPFELKKQSSCSMQLTNKTTTQCVAFKVKTTNPRKYCVRPNTGVVLPGDSCNVTVTMQAQKEAPLDMQCKDKFLVQTVVVSDGTTSKEVLAEMFNKEAGRVIEDFKLRVVYIPANPPSPVPEGSEEGNSPMASLNDIASQSASLFDDVSRTFEETSEKSSEAWSMISKLTEEKTSATQQSQKLRLELEMLRKETSKKQSGGHSLLLMLLVGLLGCVIGYLLNRI,GHSLLLMLLVGLLGCVIGYLL,KQSG,NRI,2.123809523809524,1.1607142857142858,-0.13380714285714287,-0.10323392857142856,
RecName: Full=Vesicle-associated protein 2-1; AltName: Full=Plant VAP homolog 21; Short=AtPVA21; AltName: Full=VAMP-associated protein 2-1; Contains: RecName: Full=Vesicle-associated protein 2-1 N-terminally processed;,Q9LVU1,197,217,20,MTGVGENQLISIQPDELKFLFELEKQSYCDLKVANKTENYVAFKVKTTSPKKYFVRPNTGVIQPWDSCIIRVTLQAQREYPPDMQCKDKFLLQSTIVPPHTDVDELPQDTFTKDSGKTLTECKLKVSYITPSTTQRSSESGATNGDGQSSETISTIQRLKEERDAAVKQTQQLQHELETVRRRRNQRNSGNGLSLKLAAMVGLIGLIIGFILKLTLASPT,LAAMVGLIGLIIGFILKLTLA,LSLK,SPT,2.3476190476190473,1.7535714285714283,-0.19668238095238094,-0.1449757142857143,
RecName: Full=Vesicle-associated membrane protein 713 {ECO:0000303|PubMed:11115874}; Short=AtVAMP713 {ECO:0000303|PubMed:11115874};,Q9LFP1,191,211,20,MAIIFALVARGTVVLSEFSATSTNASSISKQILEKLPGNDSDSHMSYSQDRYIFHVKRTDGLTVLCMADETAGRNIPFAFLDDIHQRFVKTYGRAIHSAQAYSMNDEFSRVLSQQMEFYSNDPNADRMSRIKGEMSQVRNVMIENIDKVLDRGERLELLVDKTENMQGNTFRFRKQARRYRTIMWWRNVKLTIALILVLALVVYIAMAFVCHGPSLPSCFK,LTIALILVLALVVYIAMAFVC,RNVK,HGPSL,2.938095238095238,1.726666666666667,-0.2958333333333334,-0.19520633333333334,
RecName: Full=Vesicle-associated membrane protein 727; Short=AtVAMP727;,Q9M376,216,236,20,MSQKGLIYSFVAKGTVVLAEHTPYSGNFSTIAVQCLQKLPTNSSKYTYSCDGHTFNFLVDNGFVFLVVADESTGRSVPFVFLERVKEDFKKRYEASIKNDERHPLADEDEDDDLFGDRFSVAYNLDREFGPILKEHMQYCMSHPEEMSKLSKLKAQITEVKGIMMDNIEKVLDRGEKIELLVDKTENLQFQADSFQRQGRQLRRKMWLQSLQMKLMVAGAVFSFILIVWVVACGGFKCSS,MVAGAVFSFILIVWVVACGGF,QMKL,KCSS,2.338095238095238,1.5310344827586204,-0.17221428571428574,-0.14819241379310344,
